index_x_coor,index_y_coor,index_z_coor,palm_x_coor,palm_y_coor,palm_z_coor,index_x_velocity,index_y_velocity,index_z_velocity,palm_velocity_x,palm_velocity_y,palm_velocity_z,confidence,hand_grab_angle,hand_grab_strength,armPosition_x,armPosition_y,armPosition_z,tip_rotation_x,tip_rotation_y,tip_rotation_z,tip_rotation_w,target
-155.91062927246094,287.85235595703125,-71.5251693725586,-102.7880859375,228.7983245849609,120.64592742919922,154.05377298800158,187.98293417837704,17.841091810259968,47.414398193359375,9.976821899414062,-2.069579601287842,0.7311217784881592,2.272052764892578,0.0,-74.44599914550781,181.0490264892578,161.7530059814453,0.2452914118766784,0.1863402277231216,0.0645248442888259,0.9491817355155944,1
-151.51409912109375,291.41339111328125,-70.07035064697266,-102.53756713867188,227.3349609375,122.33164978027344,131.7830076495593,106.7396121667698,43.6072040090512,40.61196899414063,-48.89192199707031,57.24119186401367,0.731397807598114,2.399449110031128,0.0,-73.52145385742188,180.438232421875,164.18106079101562,0.2926659286022186,0.1478532552719116,0.0366058051586151,0.9440053701400756,1
-150.8864288330078,292.401123046875,-69.31781768798828,-102.47401428222656,226.61546325683597,122.38060760498048,20.033309371210635,31.525372121483088,24.01854264177382,35.98130798339844,-42.57927322387695,3.5369815826416016,0.7391356825828552,2.4560019969940186,0.0,-73.24884033203125,179.9221954345703,164.46400451660156,0.315144419670105,0.1374477297067642,0.036022063344717,0.9383466839790344,1
-151.2662353515625,291.7645263671875,-67.73981475830078,-102.43801879882812,225.71739196777344,122.27928924560548,-12.908392683311831,-21.6358580510132,53.631205565761775,33.54153060913086,-33.281097412109375,-3.161823272705078,0.7348634600639343,2.442318916320801,0.0,-72.92266845703125,179.98179626464844,165.36968994140625,0.3211767077445984,0.1337629705667495,0.0413430444896221,0.936612904071808,1
-151.89981079101562,290.8324890136719,-66.9307632446289,-102.48348999023438,224.4827423095703,122.19493103027344,-22.63110761740245,-33.29206963744946,28.899055635323748,29.61458969116211,-69.8353271484375,-4.167805194854736,0.7292829751968384,2.4332189559936523,0.0,-72.67349243164062,180.02259826660156,166.57528686523438,0.3342123031616211,0.1350089013576507,0.0478506386280059,0.9315497875213624,1
-153.80563354492188,290.4383850097656,-66.86937713623047,-102.57333374023438,223.7994079589844,122.11614990234376,-70.60491546872072,-14.60035033407621,2.274167933792341,27.661941528320312,-34.23707580566406,-3.3548216819763184,0.7282637357711792,2.458665370941162,0.0,-72.61093139648438,179.94171142578125,167.20639038085938,0.3425898253917694,0.1483353972434997,0.0566475987434387,0.9259697198867798,1
-154.07196044921875,290.76708984375,-67.25048065185547,-102.67568969726562,223.4689483642578,122.13587951660156,-10.65496991481632,13.150530646555126,-15.246850498020647,27.188507080078125,-15.91018772125244,1.5873277187347412,0.7274352312088013,2.470603704452514,0.0,-72.52438354492188,180.3219146728516,167.94151306152344,0.3552716374397278,0.1536310613155365,0.0516569465398788,0.9206036925315856,1
-154.47021484375,290.94805908203125,-67.4470443725586,-102.78399658203124,223.5535888671875,122.19098663330078,-16.29422493861057,7.404195700073615,-8.042230101884343,28.125057220458984,3.440426588058472,2.693394899368286,0.729461669921875,2.479604721069336,0.0,-72.49058532714844,180.75814819335935,168.32797241210938,0.358203113079071,0.1612557470798492,0.0467835217714309,0.9184216856956482,1
-154.51724243164062,291.19635009765625,-67.53263092041016,-102.88592529296876,223.9577789306641,122.25143432617188,-1.9413812928833067,10.249888513237238,-3.533162774750963,27.790760040283203,17.734052658081055,3.2350783348083496,0.7313436269760132,2.484282255172729,0.0,-72.48727416992188,181.29283142089844,168.5003662109375,0.3577628433704376,0.1643911153078079,0.0423579476773738,0.918252170085907,1
-154.71734619140625,291.1642150878906,-67.71334075927734,-103.20700073242188,224.4464569091797,122.4255828857422,-8.648813738836907,-1.3889279955765232,-7.810576567717362,20.43424224853516,18.162612915039062,7.001820087432861,0.7317790389060974,2.487962484359741,0.0,-72.64407348632812,181.8257293701172,168.6359100341797,0.3566200733184814,0.1650971323251724,0.0427262596786022,0.9185529351234436,1
-154.91339111328125,291.1160888671875,-67.90796661376953,-103.56796264648438,224.71897888183597,122.69090270996094,-9.008865582756698,-2.211547481943853,-8.94365508313058,11.447084426879885,15.924843788146973,15.87423610687256,0.7311524748802185,2.489428758621216,0.0,-72.83171081542969,182.21583557128903,168.8660430908203,0.3563196659088135,0.1647852063179016,0.0429040789604187,0.9187172651290894,1
-155.11923217773438,289.2672424316406,-67.30773162841797,-103.8449249267578,224.5718231201172,123.28820037841795,-9.195764870382844,-82.59555569197983,26.814959429670125,19.834171295166016,-6.30939245223999,27.28453063964844,0.7304130792617798,2.4965994358062744,0.0,-73.01507568359375,182.14193725585935,169.42071533203125,0.3376986682415008,0.1644047051668167,0.0459364913403987,0.9256460070610046,1
-155.1083221435547,287.6857604980469,-67.76355743408203,-103.87312316894533,223.3809509277344,123.8881378173828,0.4988052361295558,-72.3051327180583,-20.840292054403108,30.925107955932617,-53.46134567260742,27.68503189086914,0.7257429957389832,2.5007498264312744,0.0,-72.97146606445312,181.1920623779297,170.05101013183594,0.3364811539649963,0.1644061803817749,0.0454789549112319,0.9261115789413452,1
-154.33592224121094,282.6793518066406,-67.23869323730469,-103.17095947265624,219.76150512695312,123.9875946044922,34.423400161322206,-223.11966797569767,23.391523252648767,63.11936950683594,-159.13864135742188,5.001871109008789,0.7058950662612915,2.5112335681915283,0.0,-72.4361572265625,178.17201232910156,170.41334533691406,0.3174944818019867,0.1686098277568817,0.0370846688747406,0.932412326335907,1
-152.5339813232422,275.2334899902344,-66.56877136230469,-101.49554443359376,213.43637084960935,124.4431610107422,79.43586916616186,-328.2396771055646,29.532503470778465,108.2731475830078,-286.94580078125,21.30741500854492,0.6728515028953552,2.527036190032959,0.0,-71.11553955078125,172.59344482421875,171.5577392578125,0.3034359216690063,0.171882688999176,0.0268392115831375,0.9368364810943604,1
-150.2119903564453,265.0800476074219,-64.65269470214844,-99.51138305664062,205.3589324951172,124.65363311767578,99.05447790073232,-433.1386075597256,81.73846319969743,105.00495910644533,-296.1387939453125,8.345401763916016,0.6437981128692627,2.53136944770813,0.0,-69.47392272949219,165.4123992919922,172.74984741210938,0.281838059425354,0.1694047898054123,0.0219383370131254,0.944133460521698,1
-148.0913848876953,257.01318359375,-64.16266632080078,-97.93365478515624,198.1298065185547,124.97481536865234,94.63092696480452,-359.9796523031546,21.867264160799092,123.347412109375,-417.3926086425781,19.177623748779297,0.6360446810722351,2.5294442176818848,0.0,-68.0115966796875,158.8123321533203,173.76902770996094,0.2784948647022247,0.1668784320354461,0.0213931500911712,0.9455868601799012,1
-145.75921630859375,249.56700134277344,-63.937278747558594,-96.27801513671876,190.8682861328125,125.6620635986328,105.47919743898092,-336.7755379501614,10.193817270046566,113.19703674316406,-354.9996643066406,34.24455261230469,0.616712212562561,2.523056507110596,0.0,-66.60832214355469,152.42771911621094,175.29885864257812,0.2759941518306732,0.1660822033882141,0.0145828872919082,0.9465892910957336,1
-139.0670166015625,230.77960205078125,-64.88664245605469,-92.9693603515625,177.92465209960938,127.82283782958984,301.5123115014285,-846.4529505413957,-42.77290857047774,150.10231018066406,-460.9924011230469,77.6219711303711,0.5745862126350403,2.524222612380981,0.0,-64.06297302246094,141.8273468017578,178.8400115966797,0.2348582297563552,0.1588568538427353,-0.0222176071256399,0.9587035179138184,1
-135.9097900390625,222.2002410888672,-64.86593627929688,-90.54238891601562,170.37606811523438,129.02198791503906,139.8364096954465,-379.9876285867067,0.9170952286804096,148.66046142578125,-361.9745788574219,58.16513442993164,0.5755407810211182,2.5046236515045166,0.0,-62.01269912719727,135.52401733398438,181.1099853515625,0.2244120687246322,0.1688864231109619,-0.0353439152240753,0.9590972065925598,1
-131.8238067626953,213.251708984375,-65.64451599121094,-87.72673034667969,163.42515563964844,130.57275390625,179.28843036241597,-392.65169888030505,-34.16321727709146,148.01986694335938,-285.6688842773437,64.41382598876953,0.5841114521026611,2.514116048812866,0.0,-60.01377487182617,129.4283905029297,183.33273315429688,0.2045382112264633,0.1713746041059494,-0.0502248145639896,0.9624304175376892,1
-127.61965942382812,206.9231414794922,-65.39962005615234,-84.87713623046875,158.45095825195312,131.77359008789062,186.0416026697494,-280.0512794419192,10.837115965085104,171.6168212890625,-243.10752868652344,59.37346649169922,0.5998106002807617,2.519495964050293,0.0,-57.61542892456055,125.20915985107422,185.0885162353516,0.1927559673786163,0.1666246205568313,-0.0613827146589756,0.9650458693504332,1
-125.2583465576172,206.1890411376953,-64.30196380615234,-82.28886413574219,156.6209259033203,131.7044219970703,105.26276499865344,-32.72477479360532,48.93139471113682,154.17596435546875,-85.9862289428711,-2.6382534503936768,0.6146766543388367,2.525574207305908,0.0,-55.73562240600586,123.68150329589844,185.6809234619141,0.2023482769727707,0.1725648343563079,-0.067196674644947,0.961645007133484,1
-123.29345703125,207.1284942626953,-63.17596054077149,-80.33306884765625,156.68157958984375,131.40553283691406,88.36524437885964,42.24919714778662,50.63875214436848,128.7606964111328,3.2540829181671143,-14.135086059570312,0.6308282613754272,2.521362066268921,0.0,-54.31011581420898,123.9578094482422,185.843505859375,0.2078316658735275,0.1746739745140075,-0.0712600946426391,0.9598004817962646,1
-121.0938720703125,214.2925567626953,-61.01188659667969,-78.15020751953125,160.97503662109375,130.42056274414062,102.93987806141376,335.2758512496948,101.27797374362126,144.50096130371094,221.15060424804688,-50.05205154418945,0.6475566029548645,2.523430824279785,0.0,-52.3972282409668,127.48445892333984,184.79055786132807,0.2196132689714431,0.1694342046976089,-0.0637568533420562,0.95864337682724,1
-119.9016571044922,220.09713745117188,-59.93927764892578,-76.96063232421875,165.8495635986328,129.65768432617188,54.53504806780256,265.51678676647134,49.06395423703361,86.88241577148438,224.34375,-34.448333740234375,0.6574454307556152,2.5226645469665527,0.0,-51.37376022338867,131.83351135253906,183.94174194335935,0.2263629734516143,0.1652738451957702,-0.0532554239034652,0.9584405422210692,1
-118.91950988769533,226.3234100341797,-59.41822814941406,-76.08439636230469,171.3874969482422,128.897705078125,43.89898781129159,278.29541188606527,23.289324896468315,67.18717193603516,221.3973846435547,-29.72581672668457,0.6610977649688721,2.5187230110168457,0.0,-50.77170944213867,136.80702209472656,183.0391387939453,0.23085817694664,0.1624567508697509,-0.0450327508151531,0.9582715630531312,1
-117.96310424804688,245.7227935791016,-57.51821899414063,-75.72467041015625,186.3405303955078,125.99958038330078,42.69117438769899,865.9322274955921,84.81089908233844,44.89324951171875,528.0379638671875,-101.66971588134766,0.6255790591239929,2.479708671569824,0.0,-50.82960891723633,149.48928833007812,179.622314453125,0.2579989731311798,0.1612613201141357,-0.0228145867586135,0.9523186683654784,1
-118.4639129638672,251.81121826171875,-56.23760223388672,-76.05445861816406,193.21665954589844,125.07908630371094,-22.970066379231863,279.2513682107092,58.73670137950103,10.834264755249023,445.6906433105469,-59.00724029541016,0.6416968107223511,2.4902355670928955,0.0,-51.50332260131836,155.93670654296875,178.5454864501953,0.2554984986782074,0.1554921716451645,-0.0143863689154386,0.9541151523590088,1
-119.19314575195312,259.4501342773437,-54.20182037353516,-77.15951538085938,200.65496826171875,122.79676818847656,-33.27162984514143,348.5295645538717,92.8836190715665,-11.40518569946289,293.75262451171875,-89.43157196044922,0.6505740284919739,2.4843673706054688,0.0,-52.400333404541016,162.7439727783203,175.8293914794922,0.266519695520401,0.1388411819934845,0.0087029486894607,0.953737199306488,1
-119.60702514648438,264.3969116210937,-53.036766052246094,-77.71391296386719,205.57704162597656,121.47124481201172,-19.01087324041873,227.2221286520362,53.51486523100175,3.1964073181152344,257.7308654785156,-68.71524810791016,0.6727678775787354,2.487360715866089,0.0,-52.99628829956055,167.27731323242188,174.1304931640625,0.270481526851654,0.1287089437246322,0.0219106208533048,0.9538310170173644,1
-118.76039123535156,267.34649658203125,-50.67761993408203,-77.04481506347656,208.52468872070312,119.1160888671875,38.68774049420608,134.7840855815448,107.80342200718589,62.28620910644531,132.81497192382812,-105.28990173339844,0.6846662759780884,2.489687442779541,0.0,-52.62716293334961,170.24710083007812,171.7271270751953,0.2693352699279785,0.1264910697937011,0.017469897866249,0.9545435309410096,1
-118.2089385986328,268.86248779296875,-48.83143615722656,-76.93254089355469,210.1750030517578,117.42562103271484,25.129233689513057,69.08244674932212,84.12904476880794,37.59449768066406,79.59457397460938,-80.6427230834961,0.6926167011260986,2.49670672416687,0.0,-52.6827507019043,171.5345916748047,169.6907196044922,0.2670615911483764,0.1185357719659805,0.0208118222653865,0.9561350345611572,1
-117.09503173828124,267.62255859375,-46.36983871459961,-76.11277770996094,209.1244964599609,115.19001770019533,49.63909909938229,-55.25504024350085,109.69631640367152,66.50279235839844,-43.70277786254883,-92.93379974365234,0.6854422688484192,2.506697416305542,0.0,-51.8698844909668,170.27235412597656,167.18287658691406,0.2619052529335022,0.1155682131648063,0.0159288924187421,0.9580166339874268,1
-114.56417846679688,261.45623779296875,-42.83769607543945,-75.08238220214844,204.38235473632807,112.78109741210938,112.67823259020224,-274.5359192667529,157.25747293268796,79.16156005859375,-215.8822021484375,-109.17375946044922,0.6679081320762634,2.520587682723999,0.0,-50.90879440307617,165.85040283203125,164.84365844726562,0.2482539415359497,0.1007230803370475,0.0092102726921439,0.9634002447128296,1
-113.48899841308594,256.70098876953125,-41.43855285644531,-73.82659912109375,199.7019195556641,111.60652923583984,48.90022192517063,-216.2732946476899,63.63437796094513,92.62936401367188,-224.97776794433597,-55.902305603027344,0.663459837436676,2.5233139991760254,0.0,-49.84428024291992,161.79071044921875,164.0353546142578,0.2470682561397552,0.1051583215594291,0.0026146394666284,0.9632715582847596,1
-111.35270690917967,250.22488403320312,-41.10169982910156,-72.39013671875,193.8486328125,111.48287963867188,97.1247577490285,-294.43084079260007,15.314749236218631,82.7677993774414,-205.80593872070312,-3.731208086013794,0.6492994427680969,2.522634029388428,0.0,-48.50661849975586,156.68865966796875,164.21099853515625,0.2424731105566024,0.102295383810997,-0.0059480061754584,0.9647315740585328,1
-109.17448425292967,245.06939697265625,-40.12696075439453,-70.76713562011719,189.76876831054688,111.36678314208984,98.88775555416942,-234.05070310109292,44.251564031874295,135.4149932861328,-259.2078857421875,-6.76146411895752,0.6541919708251953,2.525342464447021,0.0,-46.98170852661133,152.88629150390625,164.34970092773438,0.233691856265068,0.0998681113123893,-0.0032973212655633,0.9671626687049866,1
-104.94216918945312,241.7873992919922,-40.0108642578125,-67.88375854492188,186.49241638183597,111.4137954711914,194.83005426614545,-151.08321961737238,5.344376869383268,159.74081420898438,-144.6681365966797,2.7015011310577397,0.6539174914360046,2.516369104385376,0.0,-44.64255905151367,150.0483856201172,165.0296173095703,0.2349045425653457,0.097629003226757,-0.0089117353782057,0.9670620560646056,1
-101.12786865234376,243.48521423339844,-38.66233444213867,-65.23835754394531,186.8011474609375,110.33412170410156,169.04696131229866,75.24589473824017,59.76583789369033,131.3460693359375,11.83144760131836,-39.84427261352539,0.6671903133392334,2.518254041671753,0.0,-42.59186172485352,150.24514770507812,164.2296600341797,0.2439029365777969,0.0937569141387939,-0.0100886821746826,0.9652042388916016,1
-99.0635986328125,246.49432373046875,-37.440895080566406,-63.88084030151367,188.8840484619141,109.18804931640624,93.63844704651274,136.497811639274,55.40635861440387,109.456298828125,118.80139923095705,-64.6033935546875,0.6829635500907898,2.5137200355529785,0.0,-41.74139022827149,152.2088165283203,163.41151428222656,0.2570272982120514,0.0903641879558563,-0.0050104334950447,0.9621570706367492,1
-98.3205108642578,254.7779541015625,-36.26309585571289,-63.04607009887695,194.8538818359375,107.37967681884766,33.11655861628242,369.16948757413775,52.489973215328064,66.48895263671875,245.4977264404297,-73.66539001464844,0.6843230128288269,2.498396873474121,0.0,-41.57332229614258,157.32411193847656,161.55322265625,0.274680882692337,0.0945929884910583,-0.0031314194202423,0.9568661451339722,1
-98.4772491455078,268.1128845214844,-34.1994514465332,-64.78416442871094,206.0686492919922,103.5313491821289,-6.749010695144534,574.1902189134853,88.8586890034494,-23.935768127441406,362.44635009765625,-123.66187286376952,0.6831404566764832,2.4651596546173096,0.0,-43.45029830932617,167.44586181640625,157.2102813720703,0.3042225539684295,0.0878472253680229,0.0074287946335971,0.9485126733779908,1
-100.45124816894533,277.1947937011719,-34.322837829589844,-66.65653991699219,213.77828979492188,101.6633529663086,-87.48746292153373,402.5094152432866,-5.468473633736721,-84.86962890625,482.2922973632813,-116.17192840576172,0.6948845982551575,2.458239316940308,0.0,-45.35331344604492,174.2413330078125,154.45068359375,0.3165238499641418,0.0844163224101066,0.0079162418842315,0.9447877407073976,1
-103.3100128173828,285.5616149902344,-33.78150177001953,-69.45343017578125,220.80747985839844,100.0562973022461,-126.56494972435758,370.4209496160038,23.966355957614724,-101.00750732421876,335.0303955078125,-75.91535949707031,0.7018017172813416,2.45955228805542,0.0,-47.80371475219727,180.57118225097656,152.03164672851562,0.3279299139976501,0.08077934384346,0.0113939195871353,0.9411731362342834,1
-109.79421997070312,299.5129699707031,-34.06523513793945,-75.890869140625,231.10704040527344,96.6728973388672,-288.6259754775092,621.0047497339547,-12.629581096814944,-203.51168823242188,377.38092041015625,-123.26268768310548,0.701808750629425,2.4541895389556885,0.0,-53.1878776550293,189.78533935546875,147.40834045410156,0.3658013343811035,0.0817216262221336,0.0134306838735938,0.9270008206367492,1
-115.16578674316406,305.8256530761719,-33.523033142089844,-80.43605041503906,237.03761291503903,94.75724792480467,-234.6243008080637,275.73125730035827,23.68280420996598,-199.92486572265625,303.13299560546875,-97.2099380493164,0.7169351577758789,2.467060804367065,0.0,-56.69857406616211,195.54026794433597,144.76480102539062,0.3719308972358703,0.0837389230728149,0.0118190636858344,0.9244000911712646,1
-122.35511779785156,312.83428955078125,-33.64142608642578,-86.62118530273438,243.16925048828125,93.19914245605467,-308.397630606778,300.64645321131684,-5.07865102274809,-202.39915466308597,232.826416015625,-58.475685119628906,0.7266871333122253,2.484645128250122,0.0,-61.81230545043945,201.31173706054688,142.0863037109375,0.3760165572166443,0.0911663770675659,0.0093118399381637,0.9220702648162842,1
-127.9292449951172,315.20977783203125,-32.361717224121094,-91.28459167480467,246.5279541015625,91.74163818359376,-252.2939820983447,107.51842875033616,57.9216859198641,-264.4949951171875,213.94520568847656,-92.10610961914062,0.7379119396209717,2.4977526664733887,0.0,-65.44819641113281,204.5640411376953,139.91476440429688,0.3673114776611328,0.0965536460280418,0.0040343697182834,0.925063967704773,1
-136.86151123046875,314.6820678710937,-30.48904037475586,-97.1064453125,248.0052032470703,89.85826873779297,-393.8736401524511,-23.26968742115423,82.57680951889779,-222.8234100341797,64.9688720703125,-81.8770751953125,0.7420278787612915,2.5032126903533936,0.0,-70.315185546875,205.925048828125,137.2545623779297,0.3456672132015228,0.1151985749602317,0.0025238094385713,0.9312556385993958,1
-146.6855926513672,312.07598876953125,-28.948760986328125,-103.38040161132812,248.35336303710935,88.59153747558594,-420.995976960985,-111.67953220196068,66.0063163304585,-175.14503479003906,11.76490306854248,-41.24114227294922,0.746116578578949,2.4964425563812256,0.0,-75.63734436035156,206.24136352539065,135.22384643554688,0.3069509267807007,0.1477254331111908,-0.007313847541809,0.9401621222496032,1
-152.643310546875,309.0818176269531,-28.57086563110352,-107.5950164794922,246.3916778564453,87.64742279052734,-274.7588295280002,-138.08558460976928,17.427828458254226,-229.6282958984375,-121.60710906982422,-58.02980041503906,0.7440016269683838,2.489168882369995,0.0,-79.19349670410156,204.95376586914065,134.39865112304688,0.298844039440155,0.1613960713148117,-0.0185068529099226,0.9403728246688844,1
-161.0457305908203,301.3519592285156,-28.63485717773437,-112.6482391357422,240.40830993652344,87.06942749023438,-374.7845573621453,-344.78537649614736,-2.8543018979689805,-191.22845458984372,-264.2926940917969,-24.933914184570312,0.7256016135215759,2.472951650619507,0.0,-83.26470947265625,199.81838989257807,133.8201446533203,0.2817950844764709,0.1886680424213409,-0.0250180214643478,0.9404094815254213,1
-167.8331298828125,291.9742126464844,-28.62412643432617,-116.91267395019533,232.9340667724609,87.04402923583984,-293.4006002449896,-405.3741879248992,0.4638605188229121,-123.29747009277344,-272.2742919921875,-0.3044325709342956,0.7087031602859497,2.474360466003418,0.0,-86.76760864257812,193.48117065429688,134.14767456054688,0.2661084830760956,0.2102357745170593,-0.0270922780036926,0.9403473734855652,1
-170.54531860351562,281.1427307128906,-28.00730323791504,-119.10748291015624,225.3394317626953,87.27714538574219,-121.98628085793462,-487.1682369199116,27.742895287017745,-82.05088806152344,-395.0671997070313,12.756773948669434,0.7003264427185059,2.4787938594818115,0.0,-88.02268981933594,186.8566436767578,134.62376403808594,0.2482874393463134,0.2094370275735855,-0.0226736273616552,0.9455026984214784,1
-174.30735778808594,269.2170104980469,-27.552824020385746,-121.63917541503906,214.9107818603516,88.1251220703125,-165.61753813846735,-525.010061195353,20.0076940854342,-73.66084289550781,-435.7942199707031,36.078590393066406,0.6795740127563477,2.4803388118743896,0.0,-90.02554321289062,178.72288513183594,136.547607421875,0.2381031960248947,0.2148323208093643,-0.0261205080896615,0.9468218684196472,1
-175.22393798828125,254.04884338378903,-27.71596336364746,-122.10205078125,202.44093322753903,89.83068084716797,-41.712031915958505,-690.2779163696687,-7.424198658700334,8.69485855102539,-632.9212036132812,87.22423553466797,0.6640111207962036,2.4982664585113525,0.0,-90.22314453125,167.81442260742188,139.03109741210938,0.2136657685041427,0.2180905938148498,-0.0357024222612381,0.9515822529792786,1
-174.83038330078125,242.09678649902344,-27.943471908569336,-121.05519104003906,192.7733459472656,90.91148376464844,17.19814347475767,-522.2989222372416,-9.94200989487581,75.99048614501953,-404.1748046875,45.83628845214844,0.6684603095054626,2.517033576965332,0.0,-88.95924377441406,159.14599609375,140.70590209960938,0.2013386189937591,0.2195679545402526,-0.0301372557878494,0.9541196823120116,1
-169.95278930664062,222.9406280517578,-29.433135986328125,-119.87518310546876,177.423828125,94.28767395019533,207.09111907461192,-813.3252367418027,-63.24761783758731,73.09463500976562,-531.7313842773438,117.63531494140624,0.6258284449577332,2.5213842391967773,0.0,-87.70330810546875,146.868408203125,145.25900268554688,0.1871248185634613,0.1933726370334625,-0.0428662747144699,0.9621610045433044,1
-167.5211181640625,213.1667022705078,-31.73491668701172,-116.9537353515625,169.65126037597656,97.30754852294922,110.55898070172408,-444.3838037587702,-104.65334872406676,212.1784820556641,-478.5822143554688,186.6667022705078,0.6424527168273926,2.5321030616760254,0.0,-84.94464111328125,139.79888916015625,149.10260009765625,0.1682469695806503,0.2001368254423141,-0.0352511890232563,0.964570164680481,1
-163.7388916015625,204.3031005859375,-32.758792877197266,-114.0468292236328,162.60166931152344,99.4170913696289,167.39877311512828,-392.2969771534554,-45.316063230638974,167.4326934814453,-327.7046813964844,98.76239013671876,0.6442808508872986,2.5306971073150635,0.0,-82.32478332519531,133.92005920410156,151.95135498046875,0.1541772186756134,0.1959002166986465,-0.0406266003847122,0.9675753116607666,1
-155.4157257080078,189.1190490722656,-35.63113021850586,-108.5957489013672,153.4055633544922,102.97346496582033,371.3065322054317,-677.3789666665252,-128.13845490588574,291.61187744140625,-437.37933349609375,169.8685760498047,0.626156210899353,2.519380569458008,0.0,-77.25848388671875,126.5852508544922,156.35438537597656,0.1099603623151779,0.1804526299238205,-0.0486340336501598,0.9762070775032043,1
-148.43606567382812,179.55577087402344,-36.559349060058594,-102.39265441894533,146.15345764160156,105.564208984375,316.4198726016912,-433.5470860076021,-42.08040021323541,288.4596252441406,-299.3403625488281,107.65064239501952,0.6245043277740479,2.5101962089538574,0.0,-71.48771667480469,120.6766128540039,159.76792907714844,0.1016475856304168,0.1762385219335556,-0.0422100462019443,0.9781748652458192,1
-139.96766662597656,175.42218017578125,-37.59376907348633,-94.95451354980467,142.37498474121094,107.87132263183594,371.9684454059461,-181.5650511131389,-45.436168290762,322.9204406738281,-147.4237518310547,90.7964324951172,0.6178867220878601,2.499283790588379,0.0,-65.04083251953125,117.35558319091795,162.90965270996094,0.0948636829853057,0.1722898334264755,-0.0480804853141307,0.9792881608009338,1
-129.47735595703125,177.47535705566406,-36.463287353515625,-86.61869812011719,142.59109497070312,108.33155822753906,460.33241097896826,90.09684203926008,49.60743224338512,377.86627197265625,9.220885276794434,19.7071533203125,0.6155632734298706,2.491943836212158,0.0,-58.71524429321289,117.65373229980467,164.3978729248047,0.1091029942035675,0.1643875539302826,-0.0517471544444561,0.9789767861366272,1
-117.88829040527344,186.58990478515625,-33.68982696533203,-77.86257934570312,146.79396057128906,107.70510864257812,497.4274733849452,391.2158774043783,119.04285011297908,392.8430480957031,173.3662567138672,-25.18041038513184,0.5859678387641907,2.4771196842193604,0.0,-51.521366119384766,120.62161254882812,164.20852661132812,0.1340552419424057,0.1445150971412658,-0.0482569299638271,0.9791914224624634,1
-111.54356384277344,193.6758728027344,-31.66203117370605,-72.40911865234375,152.20504760742188,107.21360778808594,273.0075738430023,304.9024915024638,87.25413205241784,265.4199523925781,231.6710662841797,-20.398191452026367,0.5854407548904419,2.485416412353516,0.0,-47.77505111694336,125.0822296142578,164.18560791015625,0.1472197026014328,0.1372316777706146,-0.0351367741823196,0.9789071679115297,1
-103.23728942871094,207.351806640625,-30.113645553588867,-65.56340026855469,160.6734619140625,105.42607879638672,368.3455830276944,606.4656152507523,68.66387691552518,334.5166015625,374.2398986816406,-78.31831359863281,0.551834762096405,2.4897866249084477,0.0,-42.60319900512695,132.05062866210938,162.7027587890625,0.1813194900751114,0.1272671818733215,-0.0236543249338865,0.974867582321167,1
-97.29220581054688,220.6128845214844,-29.3398551940918,-60.57358932495117,170.972900390625,104.27295684814452,256.2977971860091,571.696761134197,33.35878473045159,258.5536804199219,467.4806213378906,-51.68783187866211,0.5557863116264343,2.495438575744629,0.0,-38.55916976928711,140.28042602539062,161.41128540039062,0.2020322531461715,0.1225911602377891,-0.0163153242319822,0.9715390801429749,1
-95.21559143066406,228.89952087402344,-29.48414802551269,-58.17881393432617,178.05380249023438,103.79827117919922,89.93219871650217,358.87039710761746,-6.24890770015918,148.73707580566406,344.84539794921875,-22.478487014770508,0.5889049768447876,2.509273767471313,0.0,-36.81644058227539,145.6814727783203,160.42892456054688,0.2117013335227966,0.1224131509661674,-0.0058939601294696,0.9696199297904968,1
-93.45004272460938,240.98838806152344,-28.224050521850582,-56.35768508911133,187.6485137939453,101.60272216796876,75.52718786982587,517.1412944160402,53.90484021596785,109.42263793945312,407.12548828125,-92.4805908203125,0.6183239221572876,2.4915144443511963,0.0,-35.46360397338867,153.875732421875,157.73345947265625,0.2370080202817917,0.1198385283350944,0.0061401645652949,0.964068591594696,1
-92.00784301757812,250.2884979248047,-26.23646354675293,-55.26354598999024,196.32550048828125,99.27678680419922,62.29206384439021,401.6940473215655,85.84864782972727,81.50688934326172,391.30902099609375,-104.20237731933594,0.6514664888381958,2.4977712631225586,0.0,-35.03361892700195,161.03076171875,154.52268981933594,0.243813619017601,0.1070261225104332,0.0230643581598997,0.963622510433197,1
-91.53065490722656,257.7391052246094,-25.45232391357422,-55.00986099243164,202.65367126464844,97.03892517089844,20.817404127214104,325.03388032643124,34.20821114763385,42.98399353027344,269.3360595703125,-94.53347778320312,0.6792328357696533,2.4844539165496826,0.0,-34.94912338256836,166.38133239746094,151.52566528320312,0.2583208680152893,0.098807692527771,0.0301391258835792,0.9605201482772828,1
-91.38726806640624,261.5388488769531,-24.09988021850586,-55.48417282104492,206.19549560546875,95.4092254638672,6.345081027480774,168.144309616182,59.84764558044844,9.818115234375,167.36654663085938,-76.26872253417969,0.6955044269561768,2.491674423217773,0.0,-35.45853042602539,169.4008026123047,149.35833740234375,0.2603148221969604,0.0863405093550682,0.0340728871524333,0.9610517621040344,1
-93.4597625732422,263.0565490722656,-21.07965660095215,-57.266300201416016,208.0797882080078,92.5799331665039,-89.38559927389724,65.45761208469048,130.2606579200874,-28.07086563110352,63.98216247558594,-95.0592269897461,0.6983744502067566,2.4965291023254395,0.0,-37.13457107543945,171.2266387939453,146.4105224609375,0.257184624671936,0.0863043069839477,0.0363672524690628,0.9618134498596193,1
-95.93693542480467,262.30303955078125,-19.70231437683105,-59.26165390014648,207.6106414794922,91.47918701171876,-109.46733272075652,-33.297909528017044,60.86534471064806,-76.40542602539062,-25.274566650390625,-59.28938674926758,0.7023564577102661,2.504610538482666,0.0,-38.7598762512207,170.89683532714844,145.23435974121094,0.2547105848789215,0.0832414254546165,0.0391641668975353,0.9626315832138062,1
-100.00144958496094,255.3199005126953,-17.891740798950195,-62.60697555541992,202.55679321289065,90.31646728515624,-173.84246649802662,-298.6743473992101,77.43965555353498,-81.57365417480469,-171.6168212890625,-38.92117691040039,0.6864112019538879,2.523637056350708,0.0,-41.497501373291016,166.16705322265625,143.90171813964844,0.2335930317640304,0.0861121490597724,0.0332258157432079,0.9679437279701232,1
-105.57826232910156,245.4573974609375,-17.522050857543945,-67.26132202148438,194.6637115478516,89.90036010742188,-234.2050528662512,-414.1878443125752,15.525579976150766,-147.33444213867188,-304.198974609375,-15.428385734558104,0.6649985313415527,2.511749029159546,0.0,-45.20619583129883,160.00393676757812,143.93800354003906,0.2203762680292129,0.0970766469836235,0.0087966546416282,0.9705323576927184,1
-112.47889709472656,228.73419189453125,-17.463665008544922,-74.759033203125,181.67237854003903,90.3978500366211,-278.6196569725871,-675.2152456473559,2.357383888971526,-225.02276611328125,-445.4274597167969,17.688989639282227,0.6255742907524109,2.473242282867432,0.0,-50.53976821899414,150.6272430419922,145.04367065429688,0.2008094191551208,0.0998119935393333,-0.0201129894703626,0.9743247032165528,1
-120.1889190673828,221.2373046875,-19.154464721679688,-77.74583435058594,175.47384643554688,92.2292709350586,-325.0507017087657,-316.0650457183365,-71.28327716219064,-178.85496520996094,-437.73822021484375,130.03277587890625,0.6299445629119873,2.4847238063812256,0.0,-52.85982131958008,145.45875549316406,147.4315948486328,0.1872412860393524,0.1319419890642166,-0.0087228408083319,0.9733734726905824,1
-124.82496643066406,216.20333862304688,-19.68852424621582,-80.80989074707031,170.57025146484375,92.85400390625,-196.08541704132224,-212.91571413574275,-22.588484626576246,-110.310546875,-227.80471801757807,29.677711486816406,0.6364061236381531,2.4875874519348145,0.0,-55.38527297973633,141.55712890625,148.360595703125,0.1891780942678451,0.1455428004264831,-0.0109087750315666,0.9710354804992676,1
-129.68798828125,210.0464324951172,-20.66492080688477,-85.22952270507812,166.4169464111328,93.84103393554688,-207.93993077042975,-263.26565525250044,-41.75013797347492,-176.16796875,-195.54916381835935,47.15569305419922,0.6455501914024353,2.485274076461792,0.0,-58.85989761352539,138.31837463378906,149.44151306152344,0.1809633672237396,0.1501124799251556,-0.0074490010738372,0.9719377756118774,1
-134.27908325195312,208.4620361328125,-21.659154891967773,-87.62734985351562,165.44732666015625,94.499755859375,-191.5803313072538,-66.11476825230056,-41.48807564048184,-58.65019607543945,-36.47734069824219,25.579301834106445,0.6690428853034973,2.506141185760498,0.0,-60.98313522338867,138.26553344726562,150.44537353515625,0.1740953475236892,0.1712298840284347,-0.0117575144395232,0.9696560502052308,1
-137.61195373535156,210.85992431640625,-22.42444229125977,-88.90457153320312,167.89234924316406,94.8060302734375,-148.45528466743417,106.8085827725008,-34.088020905765006,-47.90987777709961,153.60951232910156,19.830551147460938,0.6896911263465881,2.5177371501922607,0.0,-61.99456405639648,140.69725036621094,150.72451782226562,0.1739639937877655,0.1874576956033706,-0.0035624799784272,0.9667385816574096,1
-138.86798095703125,214.8573760986328,-22.061752319335938,-90.17063903808594,171.76632690429688,94.32389068603516,-54.62175116088474,173.84003527759342,15.77255735626386,-22.19939422607422,166.70423889160156,-20.09292984008789,0.6947170495986938,2.5227322578430176,0.0,-62.80150985717773,144.04458618164062,150.00189208984375,0.1775266230106353,0.1834875047206878,0.0116908848285675,0.9667884707450868,1
-138.7638702392578,231.19271850585935,-20.72220230102539,-91.72795104980467,183.5686187744141,92.4394989013672,4.498496931395493,705.8301898572827,57.880319871910615,-18.463394165039062,384.1982116699219,-60.67874526977539,0.6678587198257446,2.4882633686065674,0.0,-63.60161972045898,153.80807495117188,147.2652130126953,0.2113611698150634,0.1726011335849762,0.0223675668239593,0.9617874026298524,1
-137.89608764648438,239.4092712402344,-20.330705642700195,-92.62770080566406,191.4687957763672,91.35541534423828,39.15770302119199,370.76260172761977,17.665841661437298,-20.46567153930664,462.6638488769531,-62.8308219909668,0.6785253882408142,2.4923255443573,0.0,-64.20184326171875,160.5868682861328,145.26754760742188,0.2205135226249694,0.1494605988264084,0.0353148095309734,0.9632176160812378,1
-135.81309509277344,255.1118621826172,-19.88496971130371,-92.95159912109376,202.72833251953125,88.25334930419922,93.55130334408022,705.2343254524749,20.01887969073141,21.432430267333984,374.4542846679688,-102.47127532958984,0.6810948252677917,2.465127944946289,0.0,-64.38005065917969,170.62606811523438,141.37542724609375,0.2673123180866241,0.1329400390386581,0.0371850095689296,0.9536709785461426,1
-134.79721069335938,261.5273742675781,-19.57585906982422,-91.9798583984375,209.18544006347656,87.53240203857422,44.79822566796793,282.90970736771123,13.631086648594646,86.63005065917969,361.9617614746094,-39.762325286865234,0.7006816267967224,2.4739692211151123,0.0,-63.70235824584961,176.27464294433594,140.09649658203125,0.2636215686798095,0.129667043685913,0.0351655483245849,0.955224335193634,1
-133.2554473876953,268.2872619628906,-18.178516387939453,-91.3507843017578,215.4933319091797,85.68624877929688,67.63009694038192,296.52532166289166,61.29502543459239,60.05426788330078,279.5916442871094,-81.13169860839844,0.7143600583076477,2.4671480655670166,0.0,-63.23336410522461,181.79014587402344,137.52101135253906,0.2684256434440613,0.113104872405529,0.038097146898508,0.9558784365653992,1
-131.7239227294922,273.0160217285156,-16.997440338134766,-90.57843017578124,219.91848754882807,84.35596466064453,65.3523335402133,201.7828990081325,50.398193414497655,60.85420989990234,164.44654846191406,-48.73551559448242,0.7270290851593018,2.4701712131500244,0.0,-62.74956130981445,185.3477020263672,135.5375518798828,0.2737205028533935,0.0984919965267181,0.0492475926876068,0.9554847478866576,1
-130.26834106445312,272.6298522949219,-17.167877197265625,-89.2071533203125,220.7492828369141,84.35282135009766,65.35314807278337,-17.3383526194375,-7.652325911607477,118.26246643066406,52.40196990966797,0.4245272874832153,0.737274169921875,2.48136568069458,0.0,-61.67344284057617,185.940185546875,135.38511657714844,0.2579248249530792,0.0992378890514373,0.0491862595081329,0.9597954750061036,1
-130.0352325439453,270.10406494140625,-16.758352279663086,-88.40251159667969,219.86544799804688,84.35240173339844,10.006614345591515,-108.42409325297922,17.579614449234214,64.19037628173828,-34.883628845214844,0.6054559946060181,0.7365776896476746,2.496679306030273,0.0,-60.96407699584961,184.9967803955078,135.26734924316406,0.2418282032012939,0.1017919406294822,0.0527331344783306,0.9635230898857116,1
-129.59425354003906,263.76971435546875,-16.543025970458984,-87.76817321777344,215.2741851806641,85.04378509521484,18.864694342482835,-270.97795269917697,9.21147032182489,58.629051208496094,-191.05052185058597,29.430498123168945,0.7165306210517883,2.5145535469055176,0.0,-60.335880279541016,180.6912078857422,135.98077392578125,0.2248598933219909,0.1004975959658622,0.0560322739183902,0.967573583126068,1
-129.26901245117188,257.45880126953125,-17.16286849975586,-87.12553405761719,210.36526489257807,86.19194793701172,14.860993192414751,-288.35974179860204,-28.3219922806602,69.28590393066406,-283.0516357421875,66.88603210449219,0.7031333446502686,2.525784730911255,0.0,-59.592716217041016,176.09373474121094,137.18829345703125,0.2135541886091232,0.1030413582921028,0.060003574937582,0.96962708234787,1
-129.2666015625,249.8313140869141,-18.290292739868164,-86.10781860351562,204.24871826171875,87.86227416992188,0.1067000977927818,-337.5741226846003,-49.89706827913324,75.55950927734375,-260.35211181640625,71.79051971435547,0.6892556548118591,2.537093162536621,0.0,-58.533451080322266,170.8776397705078,139.21629333496094,0.2027431279420852,0.1115742847323417,0.0580892376601696,0.971118986606598,1
-127.55331420898438,237.95004272460935,-19.91791343688965,-84.50564575195312,194.7921905517578,90.40330505371094,79.56606883800123,-551.7732055608067,-75.5876591020351,110.23419189453124,-460.3382263183594,124.3874740600586,0.662652850151062,2.553374052047729,0.0,-56.69034194946289,162.84555053710938,142.14878845214844,0.1847928166389465,0.1105479821562767,0.0484477318823337,0.9753376841545104,1
-125.6549072265625,227.40008544921875,-22.56036376953125,-82.218994140625,186.19790649414065,93.869140625,86.1259359032847,-478.6249484415166,-119.88130579164137,134.11587524414062,-382.7985534667969,155.0985870361328,0.6487401127815247,2.5448544025421143,0.0,-54.4925422668457,155.4818878173828,146.23947143554688,0.1658543944358825,0.1152354776859283,0.0432357713580131,0.978439450263977,1
-123.83375549316406,220.9375457763672,-23.584142684936523,-79.84321594238281,180.68397521972656,96.03943634033205,82.35826362995431,-292.25656288536265,-46.29853310267208,134.5355682373047,-237.25608825683597,94.10843658447266,0.6572457551956177,2.527714252471924,0.0,-52.43259048461914,151.31338500976562,149.48910522460938,0.1596828401088714,0.1247720941901207,0.0345300324261188,0.9786424040794371,1
-118.19276428222656,214.4111175537109,-24.794893264770508,-75.846435546875,175.78001403808594,99.02375030517578,254.723405609373,-294.706011971226,-54.67239701435028,178.87240600585938,-179.70953369140625,110.14201354980467,0.6467961668968201,2.5064477920532227,0.0,-48.529178619384766,147.32228088378906,153.0875701904297,0.14805968105793,0.1106202527880668,0.0406922250986099,0.9819295406341552,1
-114.8091278076172,215.0072784423828,-24.135648727416992,-72.45747375488281,175.88890075683594,99.96463012695312,152.12141307711136,26.802180874510668,29.63829339768563,233.8016662597656,6.738156318664551,56.59332275390625,0.6600415110588074,2.511863946914673,0.0,-46.10568618774414,147.4875030517578,154.74331665039062,0.149596020579338,0.1142604574561119,0.0452504120767116,0.9810799956321716,1
-111.3770751953125,217.92958068847656,-23.858623504638672,-69.58091735839844,177.9290008544922,100.14787292480467,155.4864607382915,132.39261887292378,12.550411165204425,153.98199462890625,86.63026428222656,8.37975025177002,0.6725674867630005,2.5197150707244877,0.0,-44.07468032836914,149.28636169433594,155.2133026123047,0.154036283493042,0.1137345731258392,0.0507732480764389,0.9801833033561708,1
-106.82655334472656,227.0097198486328,-23.107574462890625,-65.89007568359375,183.17254638671875,99.56270599365234,204.00540565367555,407.0736354163382,33.67043812961492,173.6356201171875,201.1997528076172,-21.80274200439453,0.6591963768005371,2.5108485221862797,0.0,-41.34817123413086,153.36102294921875,154.8201904296875,0.1793854087591171,0.1138164177536964,0.0544335134327411,0.9756554961204528,1
-102.36946105957033,237.0740203857422,-23.28838539123535,-62.498348236083984,190.52386474609372,98.63400268554688,197.58074985002168,446.1455854213564,-8.015261187749275,205.25315856933597,375.3460083007813,-46.76302337646485,0.6538366079330444,2.4962007999420166,0.0,-38.78920364379883,159.4654541015625,153.81747436523438,0.1970207393169403,0.1120660603046417,0.0471996441483497,0.9728289842605592,1
-97.33943176269533,250.3394012451172,-23.09507751464844,-59.03550338745117,201.05569458007807,96.97396850585938,215.06370497029275,567.1740236645564,8.265062822705659,144.11123657226562,340.6324462890625,-53.02817916870117,0.6474440097808838,2.4659619331359863,0.0,-36.0869026184082,168.50282287597656,151.8765411376953,0.2234811037778854,0.1047520563006401,0.0462429672479629,0.9679591059684752,1
-96.38337707519533,253.48660278320312,-23.01859474182129,-57.98493576049805,205.05848693847656,96.95059967041016,41.98255306482315,138.2008344354108,3.35853389010299,102.29055786132812,267.32781982421875,-0.9366793036460876,0.6758057475090027,2.5007123947143555,0.0,-35.55130386352539,171.08853149414062,151.02786254882812,0.2087438255548477,0.10206139087677,0.0518862456083297,0.9712452292442322,1
-94.12876892089844,260.0433044433594,-22.750635147094727,-55.96957778930664,210.8095703125,95.6057586669922,98.41535230353476,286.2049898132682,11.69663911126554,117.36297607421876,243.2894592285156,-56.20904159545898,0.6950711607933044,2.4996883869171143,0.0,-34.023624420166016,175.56381225585938,148.95973205566406,0.2181143909692764,0.0962865650653839,0.0583811625838279,0.9694052934646606,1
-91.894287109375,265.3476257324219,-22.464014053344727,-53.99094772338867,215.4903259277344,95.01500701904295,99.14823457418242,235.36288758879527,12.717926496639848,131.8057861328125,235.89956665039065,-29.117830276489254,0.7086130380630493,2.4995484352111816,0.0,-32.42598342895508,179.5055694580078,147.88685607910156,0.2237564772367477,0.0900797247886657,0.0626957863569259,0.9684461355209352,1
-89.67013549804688,267.71307373046875,-23.045743942260746,-52.04487991333008,217.1329040527344,95.2339324951172,99.90898812189698,106.2560280226171,-26.13133217440918,110.74969482421876,66.56227111816406,9.458569526672363,0.7187844514846802,2.5135083198547363,0.0,-30.748050689697266,180.7919769287109,147.8292999267578,0.2274391502141952,0.0851045548915863,0.0633727833628654,0.9679940938949584,1
-88.01835632324219,266.6346740722656,-23.963777542114254,-50.59567642211914,216.72042846679688,96.39330291748048,70.54196103377035,-46.05484063981567,-39.20614293748804,85.48855590820312,-14.908777236938477,43.25518035888672,0.7227358222007751,2.5360865592956543,0.0,-29.436485290527344,180.2457427978516,148.8866729736328,0.2176486551761627,0.08433448523283,0.0633542910218238,0.9703107476234436,1
-86.36610412597656,262.93902587890625,-24.91056632995605,-48.86547470092773,213.35565185546875,97.8127899169922,70.96219731518067,-158.72353914170526,-40.66341257697786,109.3282470703125,-149.74063110351562,63.90128326416016,0.7150810360908508,2.560665845870972,0.0,-27.87615966796875,177.1111297607422,150.3590087890625,0.2162083387374878,0.0828372165560722,0.0635273978114128,0.970750331878662,1
-84.41009521484375,255.43814086914065,-26.52292823791504,-47.07313919067383,207.6259307861328,100.39265441894533,84.0567042628536,-322.33987758797593,-69.28896248407545,101.20184326171876,-220.3343505859375,99.94670867919922,0.6976045370101929,2.5796384811401367,0.0,-26.25118637084961,172.01821899414062,153.0985870361328,0.201143130660057,0.0821042358875274,0.0580232068896293,0.974388837814331,1
-81.02449035644531,244.63687133789065,-28.495532989501957,-44.50168991088867,199.77642822265625,103.69618225097656,138.2594369299477,-441.0962017066777,-80.55612915464735,116.358154296875,-256.6463623046875,108.74313354492188,0.6605393290519714,2.56795334815979,0.0,-23.96898651123047,165.29959106445312,156.78594970703125,0.1730778366327285,0.080449067056179,0.0421364642679691,0.9807122349739076,1
-77.85722351074219,239.37994384765625,-28.88271713256836,-41.9506950378418,195.5599365234375,105.45050048828124,132.79202175093815,-220.40392036223784,-16.23322809615638,133.3544464111328,-166.94369506835938,70.18772888183594,0.6678045392036438,2.5711770057678223,0.0,-21.706279754638672,161.3051300048828,158.8389129638672,0.1623699367046356,0.0783493742346763,0.0403726734220981,0.9827855229377748,1
-73.36326599121094,239.9731292724609,-29.10769844055176,-37.99251937866211,195.03880310058597,105.96308135986328,175.73514387267642,23.19637547043385,-8.797840735096543,162.0714874267578,-16.83930778503418,17.440204620361328,0.6862263083457947,2.572784900665283,0.0,-18.428863525390625,160.76641845703125,159.7188720703125,0.1707625538110733,0.0802291855216026,0.0422764681279659,0.9811300039291382,1
-70.39442443847656,243.0135803222656,-28.39663314819336,-35.30276107788086,196.59988403320312,105.44581604003906,116.72983186983038,119.54539625911276,27.957885441552207,152.2003936767578,69.90663146972656,-22.455150604248047,0.6981791853904724,2.5731067657470703,0.0,-16.29993438720703,162.0307159423828,159.3771514892578,0.183685153722763,0.0797473788261413,0.0464410856366157,0.9786435961723328,1
-66.69450378417969,250.06497192382807,-27.76695442199707,-32.1815071105957,200.9253845214844,104.0799560546875,145.55346769688185,277.3990567889996,24.771320981271856,190.3155670166016,219.38331604003903,-68.57095336914062,0.6988633275032043,2.5672450065612797,0.0,-13.762310028076172,165.8640899658203,158.10897827148438,0.2088337838649749,0.080725073814392,0.046668455004692,0.9734957218170166,1
-63.24834060668945,256.7945861816406,-27.5299129486084,-29.329906463623047,206.17205810546875,102.6813735961914,134.2196186159999,262.10199941089377,9.2321850463195,137.51136779785156,194.02755737304688,-51.02999877929688,0.700355589389801,2.5679266452789307,0.0,-11.440967559814451,170.38363647460938,156.54519653320312,0.2239310592412948,0.077124148607254,0.0509838759899139,0.9702099561691284,1
-61.17549514770508,261.4516296386719,-27.84939384460449,-27.6240348815918,210.21263122558597,102.53246307373048,86.1217614688212,193.48899553413503,-13.27366562691168,166.16921997070312,317.59234619140625,-11.07325267791748,0.7004411220550537,2.574674606323242,0.0,-10.171588897705078,173.14993286132812,155.8310089111328,0.2225375026464462,0.0732491612434387,0.0562490560114383,0.9705398678779602,1
-58.9676628112793,264.93084716796875,-27.593870162963867,-25.756580352783203,213.5366973876953,102.15596771240234,90.16631484730168,142.08878907747567,10.435406869277358,103.50399780273438,127.18455505371094,-13.754362106323242,0.7054921984672546,2.5821728706359863,0.0,-8.62261962890625,175.7071990966797,154.94903564453125,0.2225835621356964,0.068990372121334,0.0613148100674152,0.9705345630645752,1
-57.21932601928711,265.9480895996094,-27.487504959106445,-24.409603118896484,214.5734100341797,102.1092529296875,72.6120463081752,42.24818404053804,4.4175671091798,92.60511016845705,46.75325775146485,-1.472856044769287,0.7141925096511841,2.589203119277954,0.0,-7.681648254394531,176.21450805664062,154.52049255371094,0.2216340154409408,0.0628414452075958,0.068084180355072,0.9707182049751282,1
-55.1320915222168,264.0934143066406,-27.28123664855957,-22.66807556152344,212.6676025390625,102.2731475830078,90.00924870045856,-79.98043820075691,8.895050215534866,109.40621948242188,-84.23287963867188,7.887832164764404,0.7134702205657959,2.6011970043182373,0.0,-6.0871429443359375,174.25091552734375,154.58709716796875,0.2189986705780029,0.0578148700296878,0.0655652731657028,0.9718015193939208,1
-52.62672805786133,256.24560546875,-27.374828338623047,-20.87802124023437,206.71556091308597,103.36734771728516,109.52142902321066,-343.065288073034,-4.091340752063843,112.1243896484375,-265.5043640136719,49.47871780395508,0.6871345639228821,2.61471962928772,0.0,-4.545978546142578,168.92747497558594,155.80140686035156,0.2029652446508407,0.0540468655526638,0.0546627752482891,0.976163923740387,1
-50.67463302612305,246.47589111328125,-28.94025421142578,-18.999832153320312,198.8524627685547,105.27667999267578,86.54566230587079,-433.1379290896002,-69.40277842509386,100.25227355957033,-284.6557922363281,69.80572509765625,0.6573386192321777,2.611151695251465,0.0,-2.814071655273437,162.08154296875,158.11279296875,0.1939169913530349,0.0583698749542236,0.0440381541848182,0.9782892465591432,1
-48.933536529541016,238.9323272705078,-30.61378669738769,-17.299156188964844,192.7084197998047,107.56066131591795,80.0778195062885,-346.94926158408634,-76.9703647166316,144.85476684570312,-406.739501953125,151.91883850097656,0.6518382430076599,2.603081226348877,0.0,-1.3002662658691406,156.6450958251953,160.8878631591797,0.185034230351448,0.061331920325756,0.0413796789944171,0.9799430966377258,1
-47.02443313598633,231.9584197998047,-31.737548828125,-15.507553100585938,187.5331268310547,109.40185546875,87.19180720159784,-318.5095148226246,-51.32401491428027,117.04283142089844,-244.82899475097656,87.81594848632812,0.6564258337020874,2.601561546325684,0.0,0.1992073059082031,152.23452758789062,163.26756286621094,0.1688465327024459,0.064970277249813,0.0339311771094799,0.9829131960868835,1
-43.63950729370117,227.22622680664065,-33.6967887878418,-12.433212280273438,183.3449859619141,112.1635284423828,159.9882983576681,-223.6667920515756,-92.60334844376484,182.6491241455078,-204.69993591308597,135.77239990234375,0.6542465686798096,2.58658766746521,0.0,3.000904083251953,148.48794555664062,166.36415100097656,0.1666067242622375,0.0662494823336601,0.0364374481141567,0.983120322227478,1
-38.94176864624024,226.8292694091797,-34.435386657714844,-8.697948455810547,181.97494506835935,113.64994049072266,207.9729241749737,-17.57364487857558,-32.69836198101984,178.04322814941406,-53.235050201416016,58.66054153442383,0.6560827493667603,2.574707508087158,0.0,6.2246856689453125,147.178466796875,168.0797119140625,0.1706022769212722,0.0657778978347778,0.0323287546634674,0.982610285282135,1
-34.690189361572266,228.5844268798828,-34.44392013549805,-5.413112640380859,182.74972534179688,114.01699829101562,199.843396632059,82.50031507923268,-0.4011119330243673,260.8505859375,54.190216064453125,26.17184257507324,0.6723809838294983,2.5763919353485107,0.0,8.343513488769531,147.85061645507812,168.81732177734375,0.1778720468282699,0.0627672597765922,0.0294935759156942,0.9816067814826964,1
-29.38875961303711,234.31858825683597,-34.42641830444336,-1.5789909362792969,186.8059844970703,113.79210662841795,245.8184339499276,265.8834760732716,0.8115306445979513,186.0233917236328,162.9975128173828,-8.401313781738281,0.6769216060638428,2.5794425010681152,0.0,11.421300888061523,151.4440460205078,168.6442108154297,0.1838295608758926,0.0595255456864833,0.0200973507016897,0.980948269367218,1
-25.61145401000977,241.81739807128903,-34.44697952270508,1.66912841796875,192.8892822265625,113.38971710205078,171.14165286518983,339.75506380491424,-0.9315849041740876,152.05825805664062,224.7442779541016,-14.226941108703612,0.6805915236473083,2.5820345878601074,0.0,14.111753463745115,156.8955841064453,168.1878204345703,0.1954653263092041,0.0561741255223751,0.0243940483778715,0.9787965416908264,1
-24.48160552978516,246.8443145751953,-35.19937896728516,3.030071258544922,196.4351959228516,113.46051788330078,53.63176665060746,238.6182020229753,-35.714976075149025,134.0946502685547,265.75115966796875,5.923773765563965,0.6867722868919373,2.595580101013184,0.0,14.958782196044922,159.55056762695312,167.87220764160156,0.2026512175798416,0.0542834997177124,0.0269988030195236,0.977372407913208,1
-23.230751037597656,254.7469024658203,-35.712677001953125,4.404153823852539,203.16439819335935,113.09033966064452,60.46800027228892,382.0218016617,-24.81352219136897,89.04080963134766,278.6357421875,-14.692147254943848,0.686947762966156,2.5998880863189697,0.0,16.139184951782227,165.02377319335938,166.87991333007812,0.2110190540552139,0.0523792505264282,0.0342273190617561,0.9754772782325744,1
-22.339962005615234,261.0181884765625,-37.18390655517578,5.373470306396484,208.68077087402344,113.36064910888672,41.58765272644814,292.7832016325556,-68.68627872993238,76.87422943115234,254.51663208007807,13.08106803894043,0.6980329751968384,2.602973937988281,0.0,16.97536277770996,169.68873596191406,166.5878143310547,0.217655673623085,0.0510575138032436,0.037394680082798,0.973971664905548,1
-21.65468978881836,264.335693359375,-38.071922302246094,5.826095581054688,211.56982421875,114.24677276611328,31.01792892382946,150.1624144935049,-40.19484323268989,48.852989196777344,106.57328033447266,33.22970199584961,0.7090065479278564,2.609874963760376,0.0,17.215438842773438,172.03196716308594,166.99093627929688,0.2199737429618835,0.0429410599172115,0.0447216592729091,0.973533570766449,1
-21.188217163085938,265.0787353515625,-39.27693557739258,6.134061813354492,212.3286590576172,115.37385559082033,21.63959008603706,34.46959851589054,-55.90037203460816,51.92970275878906,48.880897521972656,72.83877563476562,0.7138694524765015,2.610330820083618,0.0,17.43896484375,172.3922882080078,167.78907775878906,0.2174998223781585,0.0414782464504241,0.042341336607933,0.9742590188980104,1
-20.425331115722656,262.46954345703125,-40.94462966918945,6.637260437011719,209.76934814453125,116.90672302246094,35.8671365242044,-122.67132453457452,-78.40674485766795,54.04586791992188,-110.86577606201172,67.17859649658203,0.6984581351280212,2.6137306690216064,0.0,17.75908660888672,169.75392150878906,169.12661743164062,0.2168485522270202,0.0424624644219875,0.0356210358440876,0.97463059425354,1
-19.249164581298828,254.93312072753903,-42.6213264465332,7.963949203491211,203.962646484375,119.0494613647461,52.077076793284505,-333.6898761727498,-74.23903356981464,82.82637023925781,-221.33636474609372,82.39337158203125,0.6771289110183716,2.5964877605438232,0.0,18.754173278808597,164.6286163330078,171.48561096191406,0.2120625227689743,0.0483817420899868,0.0257115643471479,0.9757190346717834,1
-17.674209594726562,250.2218475341797,-43.980560302734375,9.401615142822266,199.4073486328125,121.0358657836914,72.85724080400541,-217.94296882674095,-62.87800553953275,120.8760986328125,-280.72412109375,123.14842987060548,0.6728894114494324,2.582982063293457,0.0,19.837791442871094,160.37216186523438,173.63143920898438,0.2091287821531295,0.0495908819139003,0.0203497018665075,0.97641783952713,1
-14.943538665771484,244.8248443603516,-44.55358123779297,11.237407684326172,195.2940673828125,122.45865631103516,130.17934902952402,-257.2914782331791,-27.31764253071742,118.25521850585938,-192.56317138671875,67.31925201416016,0.6707062125205994,2.581950426101685,0.0,21.34952735900879,156.4847412109375,175.18455505371094,0.1967009902000427,0.0463480651378631,0.0137919625267386,0.979270339012146,1
-9.392230987548828,239.5078582763672,-46.03995895385742,14.75267219543457,191.6444854736328,124.4817352294922,253.4509382387332,-242.7527331757592,-67.86217744542228,194.22076416015625,-167.95481872558594,93.86840057373048,0.6658213138580322,2.579788446426392,0.0,24.30775451660156,153.37159729003906,177.57220458984375,0.1805919408798217,0.0430375635623931,0.004275269806385,0.9826067686080932,1
-2.6263389587402344,238.2532196044922,-46.6537971496582,19.72030639648437,190.14202880859372,125.42161560058594,312.52996463063755,-57.95424728561193,-28.35440305664088,259.1746826171875,-68.39016723632812,43.56623077392578,0.6647530198097229,2.588583946228028,0.0,28.51419448852539,151.7287139892578,178.6169891357422,0.1792446076869964,0.0386499762535095,-0.0027049928903579,0.9830413460731506,1
3.220190048217773,239.92274475097656,-46.96176910400391,23.823265075683597,190.8729553222656,125.82554626464844,269.11802023543714,76.84889643418137,-14.176069689026916,215.5286865234375,32.919403076171875,18.670717239379883,0.6738685965538025,2.589204788208008,0.0,31.508804321289062,152.48277282714844,179.3585662841797,0.1814447492361068,0.0346342027187347,-0.0137267634272575,0.98269522190094,1
8.453948974609375,242.92269897460935,-46.9702377319336,27.66937828063965,193.14077758789065,125.58267211914062,251.38400339845248,144.0915627477807,-0.4067588175530545,234.30487060546875,119.43054962158205,-12.140554428100586,0.6851010322570801,2.598052263259888,0.0,34.52447891235352,154.4042510986328,179.15394592285156,0.1832037568092346,0.0278607606887817,-0.0212846025824546,0.9824495315551758,1
17.455076217651367,255.3969573974609,-49.516357421875,32.8615837097168,202.12181091308597,124.67227172851562,405.5637487111599,562.0526042751153,-114.72050313677757,217.7921600341797,321.2848815917969,-31.92045783996582,0.665293276309967,2.596169233322144,0.0,38.89380645751953,161.85313415527344,177.5443878173828,0.2045142501592636,-0.0016991198062896,-0.0331087410449981,0.978302001953125,1
19.73032760620117,262.63446044921875,-48.68014907836914,34.92607116699219,207.8956756591797,123.9409637451172,105.80158508065506,336.5515119584743,38.88456838036655,154.8787384033203,343.370849609375,-42.83629608154297,0.6791781783103943,2.6065926551818848,0.0,40.09767532348633,166.46653747558594,175.94459533691406,0.2120213806629181,-0.0037801559083163,-0.0256037544459104,0.9769222736358644,1
20.441730499267575,270.102294921875,-49.214454650878906,35.78699493408203,213.9971466064453,123.75618743896484,33.77981345212902,354.5980172927957,-25.37063419578772,70.977294921875,275.09942626953125,-7.701448440551758,0.6943109631538391,2.6042771339416504,0.0,40.39617538452149,171.65402221679688,175.0012664794922,0.2225378006696701,-0.0094746341928839,-0.0094366734847426,0.9748323559761048,1
18.7210693359375,284.03790283203125,-50.89462661743164,34.84873962402344,224.5326690673828,123.0328369140625,-76.16578079895407,616.8654700911138,-74.37350969282852,0.9126091003417968,351.5495300292969,-23.49685287475586,0.6944255232810974,2.583451271057129,0.0,39.39567947387695,180.9565887451172,173.56317138671875,0.2529181241989136,-0.0077373976819217,-0.0004104450054001,0.9674566388130188,1
16.33704948425293,288.5614013671875,-50.95967864990234,33.046348571777344,229.2415008544922,122.8656768798828,-108.9334120301428,206.69296415452845,-2.972433241913677,-88.1309814453125,314.62109375,-10.53781509399414,0.7166152000427246,2.596057891845703,0.0,37.4871940612793,184.6474609375,172.4512481689453,0.2491549998521804,-0.0056623215787112,0.0081393271684646,0.9684128761291504,1
12.46158218383789,292.4901733398437,-51.52684783935547,30.329301834106445,232.10916137695312,122.76042938232422,-177.46349080923392,179.9043921197299,-25.971532317926176,-95.5255889892578,135.06234741210938,-4.325578212738037,0.7332643270492554,2.603255271911621,0.0,35.13214874267578,187.26559448242188,172.11856079101562,0.260701447725296,-0.0058133006095886,0.0152777060866355,0.965281069278717,1
2.268756866455078,294.2738647460937,-51.767677307128906,22.867149353027344,233.15968322753903,122.51689910888672,-451.80741049099015,79.06394647993147,-10.675012552121188,-230.70294189453125,37.26989364624024,-7.957851409912109,0.7143291234970093,2.6030056476593018,0.0,29.70021247863769,188.22000122070312,171.61610412597656,0.2708699703216553,0.0035493969917297,0.0293282121419906,0.9621624946594238,1
-3.4532470703125,291.6591796875,-51.54013442993164,18.47237777709961,231.78114318847656,122.38495635986328,-262.67941027798224,-120.03206164203584,10.44578603154514,-253.40017700195312,-89.32462310791016,-7.952576637268066,0.7142542004585266,2.614189386367798,0.0,26.53616714477539,186.98611450195312,171.3319549560547,0.2631692588329315,0.0075928564183413,0.0357642322778701,0.964056670665741,1
-9.779293060302734,287.8056640625,-51.48653411865234,14.434732437133787,229.60519409179688,122.7856216430664,-284.7802772148861,-173.4741179049015,2.4129308463889174,-144.08078002929688,-94.73983764648438,18.114398956298828,0.7099332809448242,2.6221814155578613,0.0,23.934627532958984,184.9188995361328,171.5205841064453,0.2507248520851135,0.0203491151332855,0.043524831533432,0.966865301132202,1
-18.360515594482425,282.2052001953125,-51.89627456665039,9.372539520263672,224.0870361328125,123.1895523071289,-400.89597025100375,-261.6414370969869,-19.142178611145937,-212.37696838378903,-266.3439636230469,20.13714027404785,0.6850211024284363,2.6238510608673096,0.0,20.751014709472656,180.30003356933597,172.09959411621094,0.2596171796321869,0.0335124433040618,0.0550077967345714,0.9635611176490784,1
-21.826091766357425,272.8624572753906,-54.42613983154297,7.172185897827148,216.5914001464844,125.29412841796876,-153.62277136649936,-414.1470244316152,-112.1443863593886,-48.659610748291016,-275.1840515136719,77.95899963378906,0.6599109768867493,2.6155385971069336,0.0,19.35045623779297,173.60670471191406,174.5260772705078,0.2549764811992645,0.0461426638066768,0.0462362952530384,0.9647383093833924,1
-19.762287139892575,265.9483642578125,-56.37940216064453,8.565433502197266,210.3024444580078,127.5639190673828,91.54156483776752,-306.679656662629,-86.63838032522472,95.31419372558594,-284.6434936523437,103.448486328125,0.6634947061538696,2.606955051422119,0.0,20.610034942626957,167.3932342529297,176.7157440185547,0.2485751807689666,0.045987457036972,0.0376598760485649,0.9667870998382568,1
-13.119346618652344,261.5421447753906,-57.40034866333008,11.568660736083984,206.0283050537109,129.13250732421875,310.8390057342185,-206.17750205402265,-47.77251802690444,186.80343627929688,-219.77365112304688,81.37271118164062,0.6728407144546509,2.612788677215576,0.0,23.025285720825195,163.2214813232422,178.3412628173828,0.2447692453861236,0.025629011914134,0.0273863729089498,0.9688555598258972,1
-1.351520538330078,255.61285400390625,-58.86223602294922,19.12653160095215,200.9602203369141,131.92599487304688,525.7274864881765,-264.8909928370267,-65.30979994568042,345.86669921875,-210.07843017578125,116.55844116210938,0.6355681419372559,2.6118805408477783,0.0,28.822250366210938,157.646240234375,181.22930908203125,0.2216621190309524,0.0150216817855834,0.0100154057145118,0.9749563932418824,1
20.048748016357425,248.6676483154297,-61.509525299072266,31.63364601135254,194.89031982421875,135.02114868164062,908.579135639593,-294.868681911612,-112.39446814142866,425.5025939941406,-190.6172332763672,97.95423126220705,0.5552613735198975,2.595944166183472,0.0,38.29317855834961,150.5521697998047,184.10464477539065,0.2123777717351913,-0.0274499636143445,-0.0053671966306865,0.976787269115448,1
29.44371795654297,244.12213134765625,-62.64680099487305,37.59644317626953,190.3480987548828,136.55760192871094,414.4413027142582,-200.51687079656404,-50.1687630629749,324.16180419921875,-222.1493377685547,75.85235595703125,0.5864887237548828,2.6103785037994385,0.0,41.49575424194336,146.13436889648438,186.0149078369141,0.2062577903270721,-0.0390131473541259,-0.0314950421452522,0.9772122502326964,1
36.37713241577149,238.95779418945312,-65.69892120361328,42.2791748046875,185.2267303466797,139.7574462890625,290.7959094368998,-216.5986368461745,-128.00966638162208,212.62828063964844,-197.07286071777344,123.91615295410156,0.5900233387947083,2.6109049320220947,0.0,44.40201187133789,140.9171905517578,189.28933715820312,0.2032281160354614,-0.0451114177703857,-0.0488073006272316,0.9768731594085692,1
36.71983337402344,235.7747802734375,-68.2913818359375,42.48088073730469,180.90573120117188,142.3626251220703,14.891768781948484,-138.31507069256622,-112.653097061062,45.26619720458984,-279.7071228027344,169.4159698486328,0.6157025694847107,2.6041760444641118,0.0,43.42992401123047,136.8948211669922,192.01007080078125,0.2107319831848144,-0.0374651849269866,-0.0712389051914215,0.9742245078086852,1
28.547657012939453,230.0834045410156,-73.33206176757812,36.57801055908203,175.31800842285156,146.0015411376953,-350.0960989045707,-243.81858066713903,-215.942767497967,-217.2164764404297,-235.8376617431641,154.37725830078125,0.6051527857780457,2.5723769664764404,0.0,37.82719421386719,131.6032257080078,195.66146850585935,0.2267074435949325,-0.019214779138565,-0.0776213854551315,0.9706747531890868,0
17.632081985473633,225.1915740966797,-75.78407287597656,28.81406593322754,170.5983428955078,148.3291015625,-482.0751800253129,-216.04267628345409,-108.29055670736123,-339.01715087890625,-225.40054321289065,111.90852355957033,0.6065574884414673,2.5715789794921875,0.0,30.88871383666992,127.0606460571289,197.9597930908203,0.226346880197525,0.0014818011550232,-0.0763777121901512,0.971046507358551,0
-8.217792510986328,214.72171020507807,-78.4412841796875,7.27601432800293,160.96690368652344,152.20611572265625,-1113.4827720002286,-450.9891554824426,-114.4593181158998,-758.8868408203125,-353.5000305175781,143.02236938476562,0.468328595161438,2.5246710777282715,0.0,13.30270767211914,118.27760314941406,202.2154693603516,0.228664830327034,-0.0023711323738098,-0.0649330466985702,0.9713343977928162,0
-29.18231201171875,208.91693115234372,-83.77760314941406,-6.021091461181641,154.41375732421875,153.70497131347656,-918.6145350550652,-254.3513773563318,-233.82458964106627,-804.9409790039062,-412.3021240234375,94.9857177734375,0.5148345232009888,2.497607707977295,0.0,3.2476730346679688,113.96080017089844,204.29869079589844,0.2488815039396286,0.0352597795426845,-0.0335858799517154,0.9673089981079102,0
-46.583309173583984,201.9442596435547,-87.25296020507812,-18.18658828735352,148.6402587890625,155.81480407714844,-775.510794914735,-310.75127328396775,-154.88634862587787,-557.1881103515625,-279.4510498046875,102.8368911743164,0.5362221598625183,2.4544403553009038,0.0,-5.653411865234375,109.51578521728516,206.9359436035156,0.2505751550197601,0.0709083676338195,-0.0214554592967033,0.9652583599090576,0
-67.29617309570312,192.0714569091797,-90.7296142578125,-35.29073715209961,140.19854736328125,158.71023559570312,-938.2667244918704,-447.22556561790407,-157.48806261247955,-567.1494140625,-295.54742431640625,102.0807113647461,0.5001881122589111,2.47458553314209,0.0,-17.696857452392578,102.41643524169922,209.48895263671875,0.2415239512920379,0.0921096503734588,-0.0168384462594985,0.9658666849136353,0
-84.46174621582031,180.8080902099609,-94.82764434814452,-48.25632858276367,133.2219696044922,160.9899139404297,-760.2600406137644,-498.8524160699453,-181.50099044819945,-487.4866333007813,-279.3729858398437,91.99544525146484,0.5007376074790955,2.504535436630249,0.0,-27.03291702270508,96.48088073730467,211.0116424560547,0.2216996550559997,0.1217383369803428,-0.0110844885930418,0.9674224257469176,0
-95.40872192382812,172.5331573486328,-99.08924865722656,-57.341434478759766,128.2741241455078,163.95040893554688,-490.3167641192558,-370.63554465572815,-190.877927431342,-351.41583251953125,-208.6612548828125,125.62671661376952,0.5042639374732971,2.5121171474456787,0.0,-33.628116607666016,92.12649536132812,212.9430084228516,0.1981419324874878,0.1400084048509597,-0.0088953664526343,0.9700815677642822,1
-101.73898315429688,167.9062042236328,-102.26911163330078,-61.463863372802734,124.79730224609376,165.2405242919922,-274.57481524324976,-200.6938976421952,-137.92642315485864,-155.27102661132812,-157.8498992919922,59.29044342041016,0.5302180051803589,2.4981119632720947,0.0,-36.4878044128418,89.31565856933594,213.81072998046875,0.1939259320497512,0.153311014175415,-0.0130416890606284,0.9688748121261596,1
-104.59751892089844,165.6683349609375,-104.04486846923828,-61.88041305541992,123.17456817626952,166.4231414794922,-126.22014809877146,-98.81429264007602,-78.4094757316634,11.368227005004885,-80.88165283203125,59.75652313232422,0.5304072499275208,2.4305524826049805,0.0,-36.62922286987305,87.8403091430664,214.9238739013672,0.1843262165784835,0.1674195080995559,-0.0061217169277369,0.9684818387031556,1
-102.21221923828124,165.74278259277344,-105.75891876220705,-59.683231353759766,122.1234893798828,167.40281677246094,105.02684402820888,3.277994741743896,-75.4711427197326,134.4294891357422,-48.6462287902832,46.204986572265625,0.4917727708816528,2.225216865539551,0.0,-33.90670394897461,87.07341003417969,215.89881896972656,0.1975702792406082,0.161418154835701,-0.0018133743433281,0.9669058322906494,1
-65.24771118164062,172.59512329101562,-105.28292083740234,-28.50591278076172,123.16061401367188,163.52276611328125,681.7088199677528,218.2829736993881,135.69899665890262,568.3717041015625,54.440826416015625,-90.79144287109376,0.0594184398651123,1.7429484128952026,0.0,-5.166973114013672,87.95774841308594,213.64996337890625,0.2314789295196533,0.0987790748476982,0.0108962943777441,0.9677507281303406,0
-45.011966705322266,172.93722534179688,-101.18299102783205,-17.311279296875,124.39808654785156,161.9661407470703,876.1495166836394,14.812034555943685,177.51516507315682,585.565185546875,61.42977142333984,-76.32495880126953,0.0980994701385498,1.7233895063400269,0.0,4.508541107177734,88.43202209472656,212.20806884765625,0.2170129120349884,0.0461562536656856,-0.0253285896033048,0.974747896194458,1
21.52054977416992,169.31478881835938,-84.76034545898438,37.989356994628906,125.29945373535156,159.0902099609375,3229.838402969472,-175.85212787380442,797.2416217410064,532.4951171875,-12.408561706542969,-44.50066375732422,0.4876356720924377,1.7905991077423096,0.0,43.50014114379883,89.2406234741211,212.70494079589844,0.1229107677936554,0.0117975762113928,-0.0834802240133285,0.988830029964447,0
25.1536808013916,168.8578643798828,-84.45092010498047,41.03155517578125,125.18099212646484,159.3856964111328,185.2157846273913,-23.29385253484361,15.77439935307484,289.5524597167969,-9.76178741455078,25.617734909057617,0.5422282218933105,1.7990643978118896,0.0,45.70968246459961,89.43882751464844,213.29515075683597,0.1272209882736206,0.0083357691764831,-0.0873253941535949,0.9879876375198364,0
31.367156982421875,168.8950958251953,-84.22177124023438,46.30628204345703,125.1677703857422,159.5140838623047,317.46761799170054,1.902281092479825,11.707994387834333,264.48211669921875,-0.3229080736637115,6.276411056518555,0.5304578542709351,1.7968605756759644,0.0,49.62204360961914,89.33346557617188,213.67974853515625,0.1278292834758758,0.007266669999808,-0.0856155231595039,0.9880672097206116,0
34.369361877441406,169.1160125732422,-84.6471939086914,48.80305480957031,125.18521881103516,160.2180938720703,167.5898676579527,12.33207254775334,-23.748055578646017,180.58482360839844,1.2961506843566897,42.463077545166016,0.539200484752655,1.7961633205413818,0.0,51.94410705566406,89.48416137695312,214.4344024658203,0.1351799517869949,-0.0007821321487426,-0.0881288722157478,0.9868936538696288,0
36.56089401245117,169.2733154296875,-84.88485717773438,50.80922317504883,125.33889770507812,161.0165557861328,120.892110219982,8.67734219157137,-13.110286478302442,122.74446105957033,7.195662975311279,36.65889739990234,0.5440555214881897,1.799344182014465,0.0,53.55122375488281,89.70853424072266,215.2598571777344,0.1372265368700027,-0.0018039046553894,-0.0906614661216735,0.9863803386688232,1
37.72148895263672,169.63201904296875,-85.49504089355469,51.41184616088867,125.37986755371094,161.96014404296875,61.4512140447041,18.99264916218817,-32.308024814818054,51.96232223510742,1.6031644344329834,31.57038116455078,0.5519742369651794,1.8146016597747805,0.0,53.98102188110352,89.57568359375,216.09181213378903,0.1425348073244094,-0.0028823018074035,-0.0946833789348602,0.985246479511261,1
38.192649841308594,170.24542236328125,-86.32015228271484,51.52506256103516,125.25641632080078,162.7503204345703,25.564888873370364,33.28287235926837,-44.77001695003128,38.71723175048828,-6.850192070007324,46.12854766845703,0.5542356371879578,1.8267128467559812,0.0,54.0176010131836,89.20458984375,216.7020721435547,0.1503587663173675,-0.0037260947283357,-0.0976524725556373,0.9837898015975952,0
38.14010238647461,170.90025329589844,-87.67617797851562,51.17095947265625,125.41203308105467,164.00277709960938,-2.791991659614723,34.79297918616794,-72.04939696623478,15.941972732543944,7.40264892578125,58.116310119628906,0.5518648624420166,1.8462868928909304,0.0,53.58189010620117,89.1185531616211,217.7011260986328,0.1532920449972152,-0.0036671159323304,-0.1009873822331428,0.9830003380775452,0
37.20078659057617,171.64308166503906,-89.75878143310547,50.36112976074219,125.29113006591795,165.70762634277344,-46.70966585626593,36.93887089157943,-103.5623076922202,0.6222152709960938,-4.454391479492188,67.0933609008789,0.5545635223388672,1.858367085456848,0.0,52.770729064941406,88.79023742675781,219.09912109375,0.1587744653224945,-0.001458495738916,-0.1023792624473571,0.9819913506507874,0
36.42179489135742,171.98516845703125,-91.71066284179688,49.58226013183594,124.9654769897461,166.99990844726562,-37.63911649934016,16.528859844838735,-94.310493691155,-12.383617401123049,-18.380874633789062,74.58863830566406,0.5562683939933777,1.8629143238067627,0.0,52.09305953979492,88.17747497558594,220.05421447753903,0.1602670103311538,-0.0008900761022232,-0.1042996346950531,0.9815474152565002,0
35.73019027709961,173.1177520751953,-94.29283142089844,48.29405975341797,124.82074737548828,168.42259216308594,-31.77356556552695,52.03293776285136,-118.62948996858904,-27.84769058227539,-6.486990928649902,66.93574523925781,0.5681884288787842,1.8942402601242063,0.0,51.44957733154297,87.3868179321289,220.56082153320312,0.1575595438480377,-0.0069739813916385,-0.1081572100520134,0.9815438389778136,0
32.733299255371094,171.68600463867188,-101.1135025024414,45.00308990478516,125.80264282226562,171.13157653808594,-133.921967021015,-63.98044893401675,-304.795096325106,-84.46670532226562,35.06791687011719,96.65408325195312,0.5751290917396545,2.1486504077911377,0.0,49.22492218017578,86.13483428955078,221.3529815673828,0.0931186974048614,-0.0188980121165514,-0.1185802295804023,0.9883878231048584,0
25.0875301361084,164.0836639404297,-113.64478302001952,42.24054336547852,127.17963409423828,176.10610961914062,-340.7998686224164,-338.86410520249046,-558.5649641579948,-127.1377410888672,79.67918395996094,287.5372314453125,0.5749260783195496,2.4105935096740723,0.3315754532814026,46.84701919555664,84.1634521484375,223.5526885986328,-0.1505835801362991,0.0011727510718628,-0.1069990918040275,0.9827890992164612,1
