frame_id,index_x_coor,index_y_coor,index_z_coor,palm_x_coor,palm_y_coor,palm_z_coor,index_x_velocity,index_y_velocity,index_z_velocity,palm_velocity_x,palm_velocity_y,palm_velocity_z,confidence,hand_grab_angle,hand_grab_strength,armPosition_x,armPosition_y,armPosition_z,tip_rotation_x,tip_rotation_y,tip_rotation_z,tip_rotation_w,target
38953,-167.06314086914062,203.25833129882812,-91.8946762084961,-101.672607421875,183.87753295898438,104.02490234375,42.07839312031865,-134.03945631580427,155.64298170560505,84.62446594238281,-75.24652099609375,-45.833953857421875,0.6497852206230164,2.315415859222412,0.28423115611076355,-60.68112564086914,148.8101043701172,134.49327087402344,-0.40904921293258667,0.5648875832557678,-0.06512166559696198,0.7136805057525635,1
38954,-166.76429748535156,202.2861328125,-89.49397277832031,-100.97538757324219,183.11973571777344,103.60213470458984,35.63504204212222,-115.92806069296785,286.2675645694253,116.25039672851562,-91.09754180908203,-50.345027923583984,0.6523174047470093,2.3171660900115967,0.2408878654241562,-59.85857009887695,148.52430725097656,134.38754272460938,-0.39908367395401,0.5486646294593811,-0.07987583428621292,0.7302870154380798,1
38956,-165.10678100585938,200.4458465576172,-83.81055450439453,-99.18032836914062,181.9239959716797,102.2346420288086,197.50888572377153,-219.28764637443237,677.233453949797,138.036865234375,-59.32365798950195,-89.53858184814453,0.659184992313385,2.322678804397583,0.18094490468502045,-58.13692855834961,148.26052856445312,134.10836791992188,-0.38674819469451904,0.5178621411323547,-0.10582161694765091,0.7556760907173157,1
38958,-162.5989227294922,199.4242706298828,-77.39466094970703,-96.72610473632812,181.3876953125,100.07080841064453,299.3147182679968,-121.92583364085294,765.7415851028636,192.19195556640625,-33.57666015625,-138.729736328125,0.6644567251205444,2.3238401412963867,0.12101847678422928,-56.030757904052734,148.4701690673828,133.28958129882812,-0.3714711368083954,0.48898258805274963,-0.1313834935426712,0.7782310247421265,1
38960,-159.08311462402344,198.9799346923828,-70.14385986328125,-93.72691345214844,181.1304931640625,97.194091796875,419.45295062614605,-53.011431358754635,865.0557194443536,230.6627197265625,5.538458824157715,-169.97410583496094,0.6753751039505005,2.339326858520508,0.07571016252040863,-53.53572463989258,148.91831970214844,131.87945556640625,-0.35509932041168213,0.45927760004997253,-0.1566481590270996,0.7990180850028992,1
38962,-154.05612182617188,200.653076171875,-63.9647102355957,-89.63264465332031,181.5289306640625,94.13555908203125,600.6044824962737,199.90008198597934,738.2594552332012,293.98883056640625,36.50473403930664,-172.4225311279297,0.678469717502594,2.337050199508667,0.0349787212908268,-50.096195220947266,149.47763061523438,129.78219604492188,-0.33321720361709595,0.44440558552742004,-0.17820118367671967,0.8122279644012451,1
38963,-150.7553253173828,201.19122314453125,-60.44594955444336,-86.88966369628906,181.78411865234375,92.4548568725586,394.05698564008344,64.24527331860736,420.0780700996402,360.5396728515625,30.807315826416016,-200.56307983398438,0.6780559420585632,2.345461845397949,0.025006450712680817,-47.90091323852539,149.7232666015625,128.7224578857422,-0.32529398798942566,0.4324232339859009,-0.18546465039253235,0.8202419281005859,1
38965,-143.54518127441406,203.15487670898438,-54.20309829711914,-81.02555847167969,183.10116577148438,89.04195404052734,861.5871290154755,234.64976939372718,745.9990063463338,415.7089538574219,94.57067108154297,-203.06942749023438,0.6778015494346619,2.353778839111328,0.022195173427462578,-43.22671127319336,150.9420928955078,126.55156707763672,-0.3182676434516907,0.4167862832546234,-0.19999012351036072,0.8276465535163879,1
38967,-135.30735778808594,207.2655792236328,-46.26188659667969,-74.4964599609375,185.43138122558594,85.33944702148438,982.8513690128457,490.44624479173217,947.46273749994,447.25665283203125,163.06077575683594,-208.97817993164062,0.6684974431991577,2.3571972846984863,0.0,-38.22724533081055,152.6782684326172,123.65218353271484,-0.2950759530067444,0.3903229236602783,-0.2302992045879364,0.8411542773246765,1
38969,-126.29273986816406,213.17636108398438,-38.767242431640625,-67.32855224609375,188.60865783691406,81.58303833007812,1077.5445730665233,706.5336515401723,895.8575081984745,474.005126953125,198.23936462402344,-219.9401092529297,0.6665032505989075,2.361499547958374,0.0,-32.82890701293945,155.0232696533203,120.75922393798828,-0.2634718418121338,0.37373822927474976,-0.26100683212280273,0.8501634001731873,1
38971,-115.07891845703125,219.2899627685547,-32.1412239074707,-59.946598052978516,192.7259521484375,78.0899429321289,1339.7102955060545,730.3892954199109,791.6075091254315,471.2957458496094,282.68548583984375,-193.3173370361328,0.6499367952346802,2.3751378059387207,0.0,-27.199569702148438,158.24166870117188,117.98136138916016,-0.25118911266326904,0.34534141421318054,-0.28639739751815796,0.8576828241348267,1
38973,-103.85688781738281,225.84628295898438,-25.61192512512207,-52.30698776245117,196.70465087890625,74.8705825805664,1340.8689611619338,783.3846230758354,780.155958982301,486.2953796386719,255.66944885253906,-186.78504943847656,0.6537798643112183,2.375344753265381,0.0,-21.36758804321289,161.4525604248047,115.60543060302734,-0.2256503403186798,0.32023385167121887,-0.31202852725982666,0.8655462861061096,1
38974,-99.08659362792969,229.22650146484375,-23.473073959350586,-48.93063735961914,199.27291870117188,73.40371704101562,569.1871338950004,403.32457640510984,255.20576227040146,434.190673828125,306.0407409667969,-174.02496337890625,0.6550345420837402,2.376563549041748,0.0,-18.909870147705078,163.6754608154297,114.54824829101562,-0.22353628277778625,0.3159172832965851,-0.3178219199180603,0.8655732274055481,1
38976,-90.39390563964844,237.3465576171875,-19.18789291381836,-42.38167190551758,204.54202270507812,71.08667755126953,1038.4702143678442,970.0608677743003,511.9282878849481,427.2558898925781,292.25653076171875,-135.748779296875,0.6581735014915466,2.3787240982055664,0.0,-13.975826263427734,167.6190948486328,112.39122772216797,-0.19338269531726837,0.30787432193756104,-0.33310770988464355,0.8699745535850525,1
38978,-83.17239379882812,246.387451171875,-16.271699905395508,-36.483585357666016,209.40000915527344,69.13533782958984,862.4188258163631,1079.6959107220173,348.2622206560336,350.3411865234375,315.53314208984375,-102.49064636230469,0.6667779088020325,2.375098943710327,0.0,-9.680973052978516,171.74993896484375,111.01231384277344,-0.15192300081253052,0.31771355867385864,-0.34600552916526794,0.869630753993988,1
38980,-75.924072265625,254.6374053955078,-15.684221267700195,-31.722900390625,214.6004180908203,68.35269927978516,865.6434849926736,985.2652220878517,70.16066450194921,294.6676940917969,332.1644592285156,-42.4740104675293,0.6715397238731384,2.382108688354492,0.0,-5.996768951416016,176.00572204589844,110.1902084350586,-0.12570233643054962,0.31922098994255066,-0.3539029657840729,0.8700859546661377,1
38982,-70.69395446777344,262.46258544921875,-15.617241859436035,-28.319538116455078,219.65362548828125,68.02229309082031,624.5579532451229,934.449017597246,7.998390046246641,211.67657470703125,308.04541015625,-20.29060935974121,0.6837412714958191,2.3983559608459473,0.0,-3.297595977783203,180.15599060058594,109.66706848144531,-0.09477756172418594,0.3183538019657135,-0.35644009709358215,0.8732803463935852,1
38984,-68.01811218261719,268.6667175292969,-17.91786003112793,-26.14010238647461,224.6005401611328,68.96336364746094,319.3340898337774,740.3989696966019,-274.5549743300289,147.9988555908203,288.6007080078125,59.72661209106445,0.686379075050354,2.40718150138855,0.0,-1.2731361389160156,184.28257751464844,110.01986694335938,-0.0834183394908905,0.3240661919116974,-0.35059624910354614,0.8747026920318604,1
38986,-66.81074523925781,273.4415283203125,-21.046630859375,-24.928630828857422,228.9127960205078,70.25926208496094,144.15557104023173,570.0964234392159,-373.56476246155216,79.81486511230469,238.60595703125,79.82671356201172,0.6938514113426208,2.4147634506225586,0.0,-0.041568756103515625,187.87083435058594,110.62744140625,-0.07724396139383316,0.3329102098941803,-0.33950573205947876,0.8763218522071838,1
38987,-67.07832336425781,275.7447509765625,-23.364486694335938,-24.734600067138672,230.71438598632812,71.11795043945312,-31.944116845726967,274.9642320461571,-276.7111759361578,55.37300109863281,215.45469665527344,103.18859100341797,0.6982117295265198,2.421288251876831,0.0,0.2603569030761719,189.30284118652344,110.9832534790039,-0.07277563214302063,0.3434131145477295,-0.33200573921203613,0.8755245804786682,1
38989,-69.96470642089844,279.3985290527344,-28.860424041748047,-25.389263153076172,233.9623565673828,73.07815551757812,-344.5604799343273,436.16786226723343,-656.0746695614653,-25.977825164794922,179.95652770996094,127.82710266113281,0.7079119682312012,2.448857545852661,0.0,0.1270294189453125,191.86846923828125,111.8490982055664,-0.06771424412727356,0.37013939023017883,-0.3081681728363037,0.873752772808075,1
38991,-73.416259765625,281.19927978515625,-32.6765251159668,-27.270145416259766,235.80128479003906,75.3519058227539,-412.1640594957862,215.03498798562214,-455.6961904121563,-85.41648864746094,84.18058013916016,131.36863708496094,0.7188996076583862,2.462603807449341,0.0,-0.6534576416015625,193.45777893066406,113.2374496459961,-0.06120103597640991,0.3778194189071655,-0.29158541560173035,0.8766326904296875,1
38993,-77.90214538574219,282.07147216796875,-36.21334457397461,-30.227394104003906,236.50006103515625,77.19111633300781,-535.8058600042714,104.17692944873124,-422.4469261720078,-165.38047790527344,27.424360275268555,117.76065063476562,0.7311259508132935,2.483004331588745,0.0,-2.2597618103027344,194.31085205078125,114.36174011230469,-0.045133039355278015,0.38303568959236145,-0.2722344994544983,0.8815526366233826,1
38995,-81.835693359375,282.75262451171875,-38.34579086303711,-33.94760513305664,235.50204467773438,79.17410278320312,-469.8893329872517,81.3683276809752,-254.73536133673042,-182.08128356933594,-98.54443359375,117.0615234375,0.7409380674362183,2.4779815673828125,0.0,-4.038532257080078,193.91256713867188,115.5523681640625,0.005066133104264736,0.3743380606174469,-0.2655127942562103,0.8884527683258057,1
38997,-85.42547607421875,280.30487060546875,-39.861751556396484,-37.10873794555664,233.18801879882812,81.14082336425781,-427.72850434295833,-291.6538967639208,-180.62920558732003,-153.90875244140625,-174.04222106933594,96.113525390625,0.7524015307426453,2.4884564876556396,0.0,-5.800502777099609,192.34828186035156,117.15909576416016,0.029457461088895798,0.3559604287147522,-0.250735878944397,0.8997532725334167,1
38998,-87.61856079101562,278.293701171875,-40.900489807128906,-38.73097610473633,231.978515625,82.15911865234375,-261.4619552765507,-239.77381652081385,-123.83950878729229,-163.39450073242188,-145.56639099121094,123.39720916748047,0.7589406371116638,2.4927194118499756,0.0,-6.721050262451172,191.42689514160156,117.85189056396484,0.037644755095243454,0.34979262948036194,-0.23258836567401886,0.9067142009735107,1
39000,-91.31672668457031,274.0031433105469,-41.319236755371094,-41.37681198120117,228.5244598388672,83.82582092285156,-440.0366541359108,-510.5240759928711,-49.82578157330863,-112.26448059082031,-168.70933532714844,119.24011993408203,0.7760013937950134,2.4970192909240723,0.0,-8.14874267578125,189.0536651611328,119.38487243652344,0.056970518082380295,0.33035218715667725,-0.20761679112911224,0.9189760684967041,1
39002,-94.23635864257812,267.07293701171875,-40.37582015991211,-43.6070671081543,223.7753143310547,84.55327606201172,-348.0402125562541,-826.1282613677904,112.46174762269948,-88.76420593261719,-298.2109375,40.91899490356445,0.7847222685813904,2.508305311203003,0.0,-9.419017791748047,185.83035278320312,120.51728057861328,0.059356171637773514,0.3114992380142212,-0.18590553104877472,0.9299914836883545,1
39004,-95.93414306640625,258.9203186035156,-39.35042190551758,-45.18094253540039,218.79759216308594,85.19078063964844,-202.3339820136316,-971.5908116591163,122.20215302344877,-14.62960433959961,-365.61859130859375,-12.905895233154297,0.7842804193496704,2.5173206329345703,0.0,-10.215518951416016,182.26072692871094,121.76054382324219,0.05069222301244736,0.2960984706878662,-0.16010290384292603,0.940278172492981,1
39006,-96.97773742675781,249.17916870117188,-38.04106140136719,-46.24177932739258,213.47311401367188,85.90831756591797,-124.71251977141947,-1164.0953573025763,156.47233634605072,-24.510807037353516,-326.044189453125,48.093502044677734,0.7777700424194336,2.5122461318969727,0.0,-10.951091766357422,177.96067810058594,123.06282806396484,0.016851337626576424,0.28121352195739746,-0.1341504156589508,0.9500729441642761,1
39008,-97.818115234375,240.5826873779297,-36.947486877441406,-46.86154556274414,207.50572204589844,86.34552001953125,-100.31966479727998,-1026.2004981175996,130.54489144845866,-12.207763671875,-344.3448181152344,41.15607833862305,0.7699431777000427,2.505985975265503,0.0,-11.480979919433594,172.91458129882812,124.25886535644531,7.66799203120172e-05,0.2707219421863556,-0.11350028961896896,0.9559431672096252,1
39010,-98.0919189453125,231.13125610351562,-35.50355529785156,-47.6469612121582,201.34413146972656,86.38361358642578,-32.70556415989995,-1128.9634858849458,172.4761025228072,-13.657306671142578,-358.3459777832031,17.767303466796875,0.7600892782211304,2.5069830417633057,0.0,-12.246784210205078,167.7581787109375,125.1741714477539,-0.03017888218164444,0.25559085607528687,-0.10145371407270432,0.96097332239151,1
39011,-98.16134643554688,226.49566650390625,-34.808162689208984,-48.23537826538086,198.46287536621094,86.55988311767578,-8.287210634443909,-553.3270365544595,83.00552132882876,-37.953487396240234,-343.2387390136719,21.637134552001953,0.753768265247345,2.506859302520752,0.0,-12.816974639892578,165.1988525390625,125.59054565429688,-0.04613200202584267,0.24426181614398956,-0.09604545682668686,0.9638378024101257,1
39013,-98.45993041992188,218.06448364257812,-34.04299545288086,-49.456233978271484,192.68267822265625,86.94696807861328,-35.656076503917575,-1006.8286206016783,91.3741625288967,-43.77133560180664,-325.86376953125,36.3598518371582,0.7448926568031311,2.5057928562164307,0.0,-14.047161102294922,160.2209014892578,126.67256164550781,-0.07817450165748596,0.2285974621772766,-0.09302525967359543,0.9659079909324646,1
39015,-98.72213745117188,209.7572784423828,-33.6034049987793,-50.83797836303711,187.31332397460938,87.39276885986328,-31.283400133252144,-991.1161536280997,52.44666401529685,-78.56333923339844,-291.63824462890625,36.56383514404297,0.7383398413658142,2.499473810195923,0.0,-15.365894317626953,155.6304931640625,127.7259292602539,-0.11460637301206589,0.20912760496139526,-0.09374785423278809,0.9666138887405396,1
39017,-99.91914367675781,203.1826629638672,-33.430294036865234,-52.68674850463867,182.5472869873047,87.9886474609375,-143.04757729824632,-785.6958433184773,20.687531256116927,-96.27365112304688,-275.4887390136719,45.099822998046875,0.7339778542518616,2.496163845062256,0.0,-17.14725112915039,151.40769958496094,128.72494506835938,-0.13504458963871002,0.19712896645069122,-0.09929914027452469,0.9659414291381836,1
39019,-102.05206298828125,197.07545471191406,-34.000221252441406,-54.7740592956543,178.83343505859375,88.9278793334961,-254.65665573556907,-729.1608364745043,-68.04559269879246,-107.51002502441406,-206.9058074951172,65.01586151123047,0.7349005341529846,2.4875121116638184,0.02712365984916687,-19.168895721435547,148.3214874267578,130.12109375,-0.16554996371269226,0.19279064238071442,-0.10146675258874893,0.9618365168571472,1
39021,-105.45063781738281,193.28846740722656,-35.069705963134766,-57.38785171508789,175.8804473876953,90.27938842773438,-406.0747483820887,-452.483759871684,-127.78613290327485,-135.44979858398438,-157.8686981201172,90.019775390625,0.735258936882019,2.4864561557769775,0.02529912255704403,-21.576011657714844,145.7135009765625,131.6158447265625,-0.17478983104228973,0.1983470469713211,-0.10531232506036758,0.9586533308029175,1
39023,-110.17219543457031,193.05921936035156,-37.257568359375,-59.6807975769043,173.96060180664062,91.6075439453125,-563.9326589209959,-27.380892304703593,-261.31356609388604,-116.21379089355469,-100.80921173095703,78.7743911743164,0.7480359077453613,2.470432996749878,0.0,-23.69839096069336,144.09548950195312,133.0708770751953,-0.15264441072940826,0.22895365953445435,-0.11306494474411011,0.9547231197357178,1
39025,-113.64932250976562,193.36424255371094,-39.703399658203125,-61.49836349487305,173.17144775390625,93.09231567382812,-415.41083727241494,36.440986308734864,-292.20238596433774,-65.32695007324219,-23.859403610229492,101.40099334716797,0.7558896541595459,2.463416337966919,0.0,-25.39110565185547,143.23898315429688,134.48712158203125,-0.1457020491361618,0.24867479503154755,-0.11875343322753906,0.9501733183860779,1
39026,-115.07145690917969,193.84901428222656,-40.96120834350586,-62.222530364990234,173.20899963378906,93.8717041015625,-169.67877943092026,57.83945260802284,-150.07262504001847,-53.99222946166992,4.727932453155518,93.3855209350586,0.7563795447349548,2.46181058883667,0.0,-26.074066162109375,143.13070678710938,135.15106201171875,-0.144649475812912,0.2560068666934967,-0.1214110255241394,0.9480487108230591,1
39028,-117.57572937011719,196.4329376220703,-42.80417251586914,-63.524654388427734,173.84625244140625,94.75071716308594,-299.1763776820153,308.6919802380726,-220.1722671497846,-33.37531661987305,49.026329040527344,39.358909606933594,0.7553200721740723,2.459907054901123,0.0,-27.291423797607422,143.3628692626953,135.6915740966797,-0.12499695271253586,0.2712757885456085,-0.12974464893341064,0.9454901218414307,1
39030,-117.87246704101562,198.7341766357422,-43.598201751708984,-63.66238784790039,175.54835510253906,95.27701568603516,-35.435594837064855,274.8076207002159,-94.82078296568943,49.61908721923828,113.84711456298828,32.67034912109375,0.7570364475250244,2.467245578765869,0.0,-27.562847137451172,144.52972412109375,135.97877502441406,-0.12707866728305817,0.27259117364883423,-0.13456827402114868,0.9441590905189514,1
39032,-116.52244567871094,203.1281280517578,-44.15024948120117,-62.61167526245117,178.29495239257812,95.61994934082031,161.1751974793151,524.5813192036003,-65.90740287769586,107.16537475585938,177.11355590820312,10.748037338256836,0.7521231770515442,2.464381456375122,0.0,-26.910446166992188,146.40570068359375,136.13546752929688,-0.12083039432764053,0.2731142044067383,-0.142384335398674,0.9436817765235901,1
39034,-114.01124572753906,208.8634796142578,-43.47273635864258,-61.0788688659668,181.6239013671875,94.93885803222656,299.8089802544564,684.7363558411598,80.8874332322739,142.30162048339844,214.97186279296875,-44.386627197265625,0.7554715275764465,2.47465443611145,0.0,-26.008007049560547,148.73031616210938,135.2572479248047,-0.10497207939624786,0.27178940176963806,-0.15363577008247375,0.9441967010498047,1
39035,-111.86253356933594,210.6656036376953,-43.14354705810547,-59.82670211791992,183.28953552246094,94.60581970214844,256.69205406168476,215.2875225674361,39.32601088861702,182.0670928955078,199.61724853515625,-39.23895263671875,0.7569068074226379,2.480780839920044,0.0,-25.205455780029297,149.92518615722656,134.88490295410156,-0.1123456135392189,0.265726238489151,-0.15821018815040588,0.9443185925483704,1
39037,-106.96803283691406,215.77830505371094,-42.008907318115234,-56.802913665771484,186.59603881835938,93.6941909790039,582.5091433734633,608.4778581070714,135.03686261625262,227.6874237060547,184.16775512695312,-39.582149505615234,0.753676176071167,2.488661527633667,0.0,-23.106433868408203,152.2045135498047,133.88356018066406,-0.10379956662654877,0.25599852204322815,-0.172389954328537,0.9455009698867798,1
39039,-100.76936340332031,219.6177215576172,-39.8619499206543,-53.38508224487305,190.03829956054688,92.83309936523438,739.6195598733611,458.11566098360345,256.1729904116364,239.6694793701172,208.3621826171875,-48.42107391357422,0.7490974068641663,2.501556634902954,0.0,-20.56668472290039,154.4054718017578,132.7797393798828,-0.10535673052072525,0.23106160759925842,-0.1810068041086197,0.9501299858093262,1
39041,-94.09689331054688,222.69639587402344,-37.80531311035156,-49.83931350708008,193.20358276367188,91.66280364990234,796.2691392591223,367.398176971823,245.43181159882806,265.4492492675781,171.47879028320312,-71.56958770751953,0.7515989542007446,2.521340847015381,0.0,-17.880599975585938,156.50718688964844,131.33053588867188,-0.10982191562652588,0.20116162300109863,-0.18731696903705597,0.9551887512207031,1
39043,-88.73590087890625,225.0757293701172,-36.272216796875,-46.17549514770508,195.78274536132812,90.91857147216797,639.2873041690327,283.73061813320965,182.81857730099,240.17645263671875,127.87956237792969,-42.852264404296875,0.7473248839378357,2.534052848815918,0.0,-15.150299072265625,157.95948791503906,130.29672241210938,-0.11626487225294113,0.1859927773475647,-0.1857587695121765,0.9578010439872742,1
39045,-84.09446716308594,226.2899932861328,-34.863067626953125,-42.920223236083984,197.0927276611328,90.3971176147461,552.7124879546463,144.5973100438714,167.80468951910734,216.64190673828125,63.17768096923828,-23.241897583007812,0.738994836807251,2.537363052368164,0.0,-12.692367553710938,158.59886169433594,129.6444854736328,-0.115346260368824,0.17335176467895508,-0.1912553608417511,0.9592006206512451,1
39046,-82.30793762207031,225.83119201660156,-34.13856887817383,-41.81473922729492,197.44491577148438,90.13115692138672,213.5237557720393,-54.83534863218665,86.59117598668672,164.89239501953125,42.53293991088867,-31.30287742614746,0.7363344430923462,2.5417873859405518,0.011439806781709194,-11.843818664550781,158.64402770996094,129.28045654296875,-0.12154106050729752,0.16438022255897522,-0.18792417645454407,0.9606723785400391,1
39048,-80.06748962402344,223.1358642578125,-32.59803009033203,-40.355953216552734,197.1006317138672,89.51935577392578,267.24318136810325,-321.5017557722749,183.7572159865813,93.5106430053711,-45.05241394042969,-38.48286056518555,0.7335038185119629,2.5458731651306152,0.031775906682014465,-10.749561309814453,158.19056701660156,128.76150512695312,-0.14167916774749756,0.15180045366287231,-0.1820225566625595,0.9611198902130127,1
39050,-80.00135803222656,219.664306640625,-32.12091064453125,-39.936336517333984,195.14105224609375,89.1807632446289,7.88710151007399,-414.03097341023386,56.90305343049113,49.316673278808594,-125.61727142333984,3.9299423694610596,0.7299851775169373,2.5405945777893066,0.0387299619615078,-10.371337890625,156.5966033935547,128.82322692871094,-0.1543082296848297,0.15379899740219116,-0.17717765271663666,0.959761917591095,1
39052,-82.44088745117188,215.30540466308594,-32.952598571777344,-40.69892501831055,192.26072692871094,89.19681549072266,-291.24458357784897,-520.3899495722726,-99.29152817605063,-27.5906982421875,-181.0489959716797,16.296594619750977,0.7219893932342529,2.542287826538086,0.0544116385281086,-10.850746154785156,154.37161254882812,129.1072998046875,-0.17438329756259918,0.17023243010044098,-0.17057913541793823,0.9547324776649475,1
39054,-85.93197631835938,210.07589721679688,-34.284645080566406,-41.6626091003418,188.52374267578125,89.46791076660156,-417.22283463925123,-624.9826353648677,-159.1939481953159,-32.18149948120117,-234.86082458496094,7.330248832702637,0.7239182591438293,2.536792755126953,0.05265457183122635,-11.337150573730469,151.54510498046875,129.7989044189453,-0.19120442867279053,0.18970367312431335,-0.16661903262138367,0.9485206604003906,1
39055,-87.66064453125,208.58322143554688,-35.11294937133789,-42.33442306518555,186.96337890625,89.59481048583984,-206.31781468517147,-178.15194548293948,-98.85872250786633,-47.4776496887207,-184.79345703125,15.671785354614258,0.7252026796340942,2.5275118350982666,0.05388312041759491,-11.682044982910156,150.24591064453125,129.9658203125,-0.19354073703289032,0.2004319131374359,-0.1653829663991928,0.9460536241531372,1
39057,-90.2919921875,206.27857971191406,-36.09453582763672,-43.6894416809082,184.56985473632812,90.12109375,-314.24079209566116,-275.2249171677977,-117.22301490837708,-40.418819427490234,-144.7061309814453,18.141544342041016,0.7245736122131348,2.5128400325775146,0.04154238849878311,-12.284854888916016,148.34600830078125,130.46151733398438,-0.1934325248003006,0.21274788677692413,-0.16659902036190033,0.943168580532074,1
39059,-91.41703796386719,203.54995727539062,-36.3653450012207,-44.247920989990234,182.1111297607422,90.0801010131836,-134.33738564990927,-325.8143021805445,-32.33628102383227,4.938346862792969,-133.50059509277344,-12.972419738769531,0.724668562412262,2.5006110668182373,0.03268511965870857,-12.193729400634766,146.59043884277344,130.5111846923828,-0.1957085281610489,0.2162773311138153,-0.16900280117988586,0.9414671063423157,1
39061,-90.95367431640625,202.04702758789062,-36.814937591552734,-43.52669906616211,180.56072998046875,90.29586029052734,55.33214262849651,-179.47096256911755,-53.687684541684575,101.46635437011719,-74.93412017822266,16.55851936340332,0.7268713712692261,2.4881041049957275,0.03637103736400604,-11.27142333984375,145.657958984375,131.0507354736328,-0.1994609832763672,0.21871313452720642,-0.1728695183992386,0.9394125938415527,1
39063,-89.17141723632812,201.64163208007812,-37.02538299560547,-42.224544525146484,180.33990478515625,90.48597717285156,212.5924630612135,-48.35667675733566,-25.102499121800065,125.40516662597656,-5.87735652923584,16.191192626953125,0.7238361239433289,2.4868733882904053,0.0556185320019722,-10.054912567138672,145.43276977539062,131.3581085205078,-0.20958276093006134,0.21352095901966095,-0.17452400922775269,0.9380965828895569,1
39065,-86.2923583984375,203.18807983398438,-36.98982620239258,-40.525882720947266,181.0902862548828,90.79727935791016,343.6633549570106,184.5941515257582,4.24429215764394,136.78074645996094,58.47901916503906,19.345928192138672,0.7197667360305786,2.480335235595703,0.0595068484544754,-8.615543365478516,146.01226806640625,131.7687530517578,-0.20524506270885468,0.20688496530056,-0.1823466271162033,0.9390541911125183,1
39067,-83.15254211425781,204.94004821777344,-36.75311279296875,-38.52943801879883,182.23312377929688,91.02273559570312,374.9283006701153,209.20412836619653,28.26616219180869,162.26429748535156,71.3322982788086,20.550643920898438,0.7156640887260437,2.483137369155884,0.06342821568250656,-7.129604339599609,146.79403686523438,132.09085083007812,-0.2015973925590515,0.19882731139659882,-0.18920618295669556,0.940227210521698,1
39068,-81.75814819335938,205.9785919189453,-36.52396011352539,-37.47269821166992,182.91256713867188,91.2029037475586,166.4903809617972,124.00192934158258,27.360788316087564,158.299072265625,81.3393783569336,22.121376037597656,0.7134631276130676,2.4824790954589844,0.05313124135136604,-6.426174163818359,147.20948791503906,132.3232879638672,-0.19577248394489288,0.19688637554645538,-0.19191347062587738,0.9413172006607056,1
39070,-80.06184387207031,208.01223754882812,-36.25916290283203,-35.94468307495117,184.36341857910156,91.3804931640625,202.49812726059463,242.7686037196545,31.610447840212146,102.7230224609375,86.23883819580078,7.823034763336182,0.7120963931083679,2.4830191135406494,0.04506697878241539,-5.63677978515625,148.1522216796875,132.63206481933594,-0.19067852199077606,0.1988951414823532,-0.19558745622634888,0.9411843419075012,1
39072,-79.47892761230469,209.7405548095703,-36.39353942871094,-35.35956954956055,185.51853942871094,91.5548324584961,69.65924018807709,206.53612790908664,-16.058167078066617,62.14995574951172,59.282569885253906,20.05522918701172,0.7090457081794739,2.4841063022613525,0.03960247337818146,-5.405429840087891,148.91604614257812,132.74697875976562,-0.1858997344970703,0.20182204246520996,-0.19880621135234833,0.9408428072929382,1
39074,-79.78079223632812,210.93370056152344,-36.976009368896484,-35.296382904052734,186.24632263183594,92.06713104248047,-36.0564525318332,142.516213378869,-69.57357066089753,31.694002151489258,35.68807601928711,39.8375129699707,0.7130624651908875,2.481092929840088,0.027937408536672592,-5.468250274658203,149.5060272216797,133.213623046875,-0.181693434715271,0.2101559191942215,-0.20198684930801392,0.939160943031311,1
39075,-80.33610534667969,211.24554443359375,-37.630958557128906,-35.387691497802734,186.54684448242188,92.40361022949219,-66.27526736492291,37.217806697357446,-78.16659061599057,21.285972595214844,36.17192840576172,40.83189392089844,0.7146598100662231,2.481997489929199,0.03188377246260643,-5.559116363525391,149.7239990234375,133.47218322753906,-0.1829214096069336,0.21630990505218506,-0.2012096643447876,0.9376910328865051,1
39077,-81.38772583007812,211.49234008789062,-38.47140884399414,-35.82941818237305,186.8993377685547,92.910888671875,-125.60495136247482,29.47713233414106,-100.3829034055525,-1.7174720764160156,19.85663604736328,30.80274772644043,0.7175370454788208,2.4862239360809326,0.030427878722548485,-5.948932647705078,149.96176147460938,133.7965850830078,-0.18409647047519684,0.22063234448432922,-0.1991184651851654,0.9369000196456909,1
39079,-82.27777099609375,210.99684143066406,-39.53489685058594,-36.30429458618164,187.13230895996094,93.61372375488281,-106.01524951402098,-59.01994166756049,-126.67441010742914,3.9219322204589844,14.809041023254395,43.946754455566406,0.7194089293479919,2.4921789169311523,0.047956135123968124,-6.346168518066406,150.0701904296875,134.3004913330078,-0.19508031010627747,0.22111378610134125,-0.19413301348686218,0.9356092810630798,1
39081,-83.16622924804688,210.9814453125,-40.440547943115234,-36.811954498291016,187.15066528320312,94.22247314453125,-106.09723581955768,-1.8385619987966493,-108.15035745696514,2.4997310638427734,0.47823357582092285,31.161211013793945,0.7221902012825012,2.494220495223999,0.048334166407585144,-6.7870941162109375,149.97923278808594,134.7486114501953,-0.19526469707489014,0.22457833588123322,-0.1924799233675003,0.9350870251655579,1
39083,-84.04939270019531,211.3197021484375,-41.11945724487305,-37.33449172973633,187.11399841308594,94.62625885009766,-105.51114790211432,40.411394922062755,-81.10899468907155,-0.8576889038085938,0.49704626202583313,28.26532745361328,0.7223019599914551,2.4926559925079346,0.041936833411455154,-7.1819000244140625,149.8533477783203,134.967529296875,-0.1902971714735031,0.22868934273719788,-0.19181987643241882,0.9352504014968872,1
39084,-84.38592529296875,211.32933044433594,-41.588375091552734,-37.54682540893555,187.09176635742188,94.93028259277344,-40.19045983732212,1.1498608096735552,-56.00059039948974,6.906862258911133,-2.3903627395629883,36.832542419433594,0.7206619381904602,2.4914932250976562,0.041517969220876694,-7.302703857421875,149.8111572265625,135.19308471679688,-0.19027701020240784,0.22975356876850128,-0.19142165780067444,0.9350752234458923,1
39086,-85.02519226074219,211.65977478027344,-42.551673889160156,-37.81645584106445,187.20269775390625,95.63063049316406,-76.31114816525951,39.446096781641245,-114.99176553369034,20.394508361816406,5.461620330810547,43.89686584472656,0.7202447056770325,2.4861719608306885,0.037677813321352005,-7.3974609375,149.8831329345703,135.7613067626953,-0.18856443464756012,0.2344045490026474,-0.1916099637746811,0.9342288374900818,1
39088,-85.18632507324219,211.61868286132812,-43.47652053833008,-37.8328742980957,187.26112365722656,96.4150619506836,-19.292208440601826,-4.919878535089083,-110.73060821412946,35.31003189086914,2.285386562347412,44.60009765625,0.7219045758247375,2.4870407581329346,0.038699086755514145,-7.307315826416016,149.90045166015625,136.4370880126953,-0.1909973919391632,0.23505228757858276,-0.19135648012161255,0.9336236715316772,1
39090,-84.97091674804688,210.47943115234375,-44.35321044921875,-37.581790924072266,187.15557861328125,97.04801940917969,25.691084631718695,-135.87502732686698,-104.56009384035133,43.597320556640625,-9.776546478271484,32.2474250793457,0.7232874631881714,2.4963059425354004,0.06628734618425369,-7.048377990722656,149.72088623046875,136.9738311767578,-0.2068353146314621,0.23159244656562805,-0.18743181228637695,0.9319084882736206,1
39092,-84.97293090820312,209.6859588623047,-44.99513244628906,-37.4722785949707,186.84664916992188,97.38717651367188,-0.24000319791957736,-94.54853253799956,-76.49011010059621,33.579627990722656,-22.623323440551758,21.218353271484375,0.7219932079315186,2.498471260070801,0.07523293048143387,-6.911041259765625,149.35202026367188,137.2255401611328,-0.21321357786655426,0.23123367130756378,-0.1859218180179596,0.9308620095252991,1
39094,-85.12109375,208.7657012939453,-45.243385314941406,-37.595645904541016,186.25341796875,97.56815338134766,-17.664135826053098,-109.71411242731847,-29.596978148503695,20.21706771850586,-38.5771484375,10.716516494750977,0.7175501585006714,2.499363899230957,0.0732269212603569,-6.959541320800781,148.72274780273438,137.3010711669922,-0.21495628356933594,0.22964876890182495,-0.18543918430805206,0.9309498071670532,1
39096,-85.36869812011719,207.25784301757812,-45.440269470214844,-37.695796966552734,185.44607543945312,97.67560577392578,-29.510671464842744,-179.71375137020368,-23.465594004490413,25.80793571472168,-52.88092803955078,3.6563754081726074,0.7146380543708801,2.50065016746521,0.07306051254272461,-6.9901123046875,147.91836547851562,137.3658447265625,-0.22007712721824646,0.2275242656469345,-0.1819663792848587,0.9309602379798889,1
39097,-85.39643859863281,206.06991577148438,-45.36028289794922,-37.6476936340332,184.87400817871094,97.58134460449219,-3.3062865366227925,-141.5847191689536,9.533308044541627,37.94562911987305,-68.11215209960938,-10.643219947814941,0.7135687470436096,2.500737428665161,0.07454533129930496,-6.884937286376953,147.39015197753906,137.27354431152344,-0.22473245859146118,0.22537089884281158,-0.17947044968605042,0.9308564066886902,1
39099,-85.3170166015625,203.60092163085938,-44.68789291381836,-37.32717514038086,183.5716094970703,96.79194641113281,9.473419963032939,-294.5005067009479,80.20237382056075,54.42710876464844,-72.00836944580078,-51.70876693725586,0.7136765718460083,2.5031826496124268,0.08054381608963013,-6.405139923095703,146.2418975830078,136.52015686035156,-0.234859898686409,0.22281207144260406,-0.1738065630197525,0.9300466775894165,1
39101,-85.00653076171875,201.1890411376953,-43.51057434082031,-36.86198806762695,182.35702514648438,95.57138061523438,37.073428673669696,-287.98955687554553,140.5772197669139,66.40396118164062,-65.43085479736328,-67.44125366210938,0.7147296071052551,2.4972269535064697,0.08574989438056946,-5.50384521484375,145.5431671142578,135.4010772705078,-0.24186386168003082,0.21917979419231415,-0.166059210896492,0.9305301904678345,1
39103,-84.0777587890625,199.9088134765625,-41.73781967163086,-35.55080795288086,181.3185577392578,93.71289825439453,110.9099153582938,-152.87922731938306,211.69466359811486,134.76585388183594,-48.29645538330078,-96.25518035888672,0.7190360426902771,2.4842703342437744,0.08809017390012741,-3.879627227783203,145.3426971435547,133.9625244140625,-0.24235178530216217,0.2222936749458313,-0.16039761900901794,0.930657684803009,1
39105,-82.06488037109375,198.83871459960938,-39.16136932373047,-33.64387130737305,181.3098602294922,91.10042572021484,240.38833370665088,-127.79673309414648,307.6930034525867,142.7609405517578,-6.554183483123779,-199.89984130859375,0.720131516456604,2.4864766597747803,0.10692261904478073,-1.8286018371582031,145.93621826171875,131.7462921142578,-0.25184711813926697,0.21859876811504364,-0.1490335911512375,0.9309009313583374,1
39107,-78.34053039550781,199.9193115234375,-35.315799713134766,-31.219417572021484,182.3808135986328,88.17012786865234,444.65130630799104,129.01280409260653,459.1237563759496,206.1349334716797,55.34727478027344,-218.11978149414062,0.7198584675788879,2.4765403270721436,0.10044161230325699,0.9793262481689453,147.52426147460938,128.93197631835938,-0.24495959281921387,0.20447346568107605,-0.14758005738258362,0.9361653327941895,1
39109,-73.13227844238281,203.05621337890625,-31.087141036987305,-27.55828094482422,184.67449951171875,85.25013732910156,621.996339848265,374.6250162483193,505.0082528079656,263.4734191894531,165.0899200439453,-184.26754760742188,0.7201362252235413,2.446890354156494,0.09512551873922348,4.666194915771484,150.0809783935547,126.19436645507812,-0.22927437722682953,0.19260771572589874,-0.1513703465461731,0.9420310854911804,1
39110,-69.66801452636719,206.33474731445312,-28.118623733520508,-25.66842269897461,186.3722686767578,83.30177307128906,413.7093152292073,391.529070045799,354.5062647177838,258.1758117675781,203.2661590576172,-232.35162353515625,0.7222105860710144,2.430729389190674,0.056923214346170425,6.415746688842773,151.9617462158203,124.47232818603516,-0.2009534239768982,0.18186858296394348,-0.15943047404289246,0.9492752552032471,1
39112,-61.50355911254883,213.30870056152344,-22.56631851196289,-20.334400177001953,190.23477172851562,79.64912414550781,973.8655129817489,831.8610626464942,662.2852717980131,370.2633361816406,254.55491638183594,-226.2476806640625,0.7257106304168701,2.436945915222168,0.012202044017612934,11.037282943725586,155.78488159179688,121.28120422363281,-0.16170476377010345,0.1641455888748169,-0.17709441483020782,0.9568413496017456,1
39114,-53.13216018676758,223.4482421875,-17.381444931030273,-14.374313354492188,194.93417358398438,75.50432586669922,999.3446245151572,1210.418534441269,618.9497822088451,378.65106201171875,303.0114440917969,-239.0268096923828,0.7352330088615417,2.4317309856414795,0.0,15.952131271362305,160.23977661132812,117.65310668945312,-0.09607037156820297,0.1688385307788849,-0.2066238820552826,0.9589424133300781,1
39116,-43.79111862182617,231.61691284179688,-13.197504043579102,-8.056083679199219,200.08595275878906,72.51945495605469,1115.481439377938,975.4801363328006,499.63468966059736,408.6373291015625,319.6319580078125,-167.5779571533203,0.7441999316215515,2.4458534717559814,0.0,20.879959106445312,164.2570037841797,114.7843246459961,-0.06149046868085861,0.15616920590400696,-0.2260955274105072,0.9595368504524231,1
39118,-35.02248001098633,240.54824829101562,-8.754605293273926,-1.5371360778808594,206.1554718017578,69.53903198242188,1046.5573422425077,1065.9755870033987,530.2702636443355,412.99896240234375,373.46502685546875,-201.5188446044922,0.7448147535324097,2.462099313735962,0.0,25.463258743286133,169.17572021484375,112.0444564819336,-0.027309775352478027,0.1511128842830658,-0.24218104779720306,0.9580017924308777,1
39120,-26.958431243896484,248.1401824951172,-6.621818542480469,4.575006484985352,211.5041046142578,67.39836120605469,962.6160440475214,906.2591114337556,254.59354279012769,388.89447021484375,312.48040771484375,-126.97779083251953,0.7551510334014893,2.476567029953003,0.0,29.792387008666992,173.3914337158203,110.00116729736328,-0.004240850452333689,0.14857423305511475,-0.24956654012203217,0.9568825960159302,1
39121,-23.460174560546875,251.52371215820312,-6.002354621887207,7.409091949462891,214.2765655517578,66.73309326171875,418.0072974807117,404.2985459426418,74.01985124946805,372.9143981933594,333.5663146972656,-79.35912322998047,0.7580503821372986,2.4853718280792236,0.0,31.659751892089844,175.41720581054688,109.30441284179688,-0.00027243371005170047,0.15176929533481598,-0.24987028539180756,0.956311047077179,1
39123,-16.713031768798828,259.1025695800781,-4.5638227462768555,11.847301483154297,219.7710418701172,65.27234649658203,805.4473260143131,904.7341420073062,171.72626819366997,262.3048400878906,301.6471252441406,-76.53797912597656,0.7636200785636902,2.4999561309814453,0.0,34.67301940917969,179.65695190429688,107.59911346435547,0.021890094503760338,0.1479865461587906,-0.26186344027519226,0.953440248966217,1
39125,-11.811126708984375,265.0106201171875,-4.927063465118408,15.073719024658203,224.39476013183594,65.1026382446289,585.3409141747397,705.4856551042758,-43.37490258129401,182.2105712890625,248.54812622070312,14.209379196166992,0.770237147808075,2.506021499633789,0.0,37.043338775634766,182.99221801757812,106.6904067993164,0.03537708893418312,0.14468993246555328,-0.2671011686325073,0.9520872831344604,1
39127,-9.644073486328125,271.52362060546875,-6.649263858795166,17.11084747314453,228.17404174804688,65.55430603027344,258.96219877526164,778.3015707395971,-205.80242147052195,123.83665466308594,218.8883514404297,35.50777816772461,0.7716702818870544,2.5022029876708984,0.0,38.582420349121094,186.00509643554688,106.56427001953125,0.05742935091257095,0.15759426355361938,-0.2740708291530609,0.9469694495201111,1
39129,-9.571327209472656,275.74725341796875,-9.229811668395996,17.8256893157959,230.5541534423828,66.77615356445312,8.694081420544535,504.7764524817467,-308.4074365874694,55.07403564453125,109.80011749267578,92.16402435302734,0.7760380506515503,2.491945505142212,0.0,39.0750846862793,187.50987243652344,106.98905944824219,0.06653467565774918,0.1728607565164566,-0.2756738066673279,0.9432371258735657,1
39131,-11.43069839477539,277.9137268066406,-12.235876083374023,17.453624725341797,231.4512481689453,68.4591064453125,-221.93790786530008,258.5941823387984,-358.8092858715172,9.915470123291016,39.72825241088867,105.9264907836914,0.7792494297027588,2.4879543781280518,0.0,38.67902755737305,188.0183563232422,108.24121856689453,0.0750037431716919,0.1913938671350479,-0.2694976031780243,0.9408048987388611,1
39133,-14.918067932128906,277.4433288574219,-14.784196853637695,15.367326736450195,231.6837921142578,70.4227523803711,-416.63449970661895,-56.198235413990915,-304.4467578897602,-119.53071594238281,0.8527885675430298,121.28823852539062,0.7749346494674683,2.4849913120269775,0.0,37.04576110839844,188.1288604736328,109.77567291259766,0.06369774043560028,0.19780291616916656,-0.26015976071357727,0.9429387450218201,1
39134,-16.734867095947266,276.12225341796875,-15.930347442626953,13.98735237121582,230.98854064941406,71.48340606689453,-216.99745698118932,-157.7884977881331,-136.8955733144685,-132.83206176757812,-82.88577270507812,127.464111328125,0.7747763395309448,2.489053964614868,0.0,36.10161590576172,187.6216583251953,110.81946563720703,0.058515697717666626,0.19617514312267303,-0.2565574645996094,0.9446001648902893,1
39136,-22.468971252441406,271.851806640625,-17.785463333129883,10.557640075683594,228.326416015625,73.55131530761719,-682.6675599218288,-508.41341588879004,-220.8588131255965,-198.90147399902344,-191.14047241210938,111.93153381347656,0.7681748867034912,2.493807315826416,0.0,33.84664535522461,185.6337432861328,112.91971588134766,0.04441463574767113,0.2040204554796219,-0.24660250544548035,0.9463562369346619,1
39138,-28.863967895507812,263.8941955566406,-20.60895347595215,6.58320426940918,222.98764038085938,76.31995391845703,-762.4487831164151,-948.7527869269252,-336.63295599538833,-223.4900360107422,-326.6961669921875,171.65650939941406,0.7652932405471802,2.481285572052002,0.0,31.40934181213379,181.4600372314453,115.87810516357422,0.026057135313749313,0.20655107498168945,-0.23172718286514282,0.9502421617507935,1
39140,-36.103816986083984,253.55999755859375,-23.17850112915039,1.7956981658935547,215.88397216796875,78.63220977783203,-863.0626796376309,-1231.9401281042956,-306.3158714057354,-276.6531982421875,-490.05120849609375,111.01866912841797,0.7500531077384949,2.4741709232330322,0.0,28.766138076782227,176.0355224609375,118.3282470703125,-0.0002562722365837544,0.21103893220424652,-0.2129490226507187,0.9539995789527893,1
39142,-42.86696243286133,241.61483764648438,-25.7706356048584,-2.6183700561523438,207.92337036132812,81.01676177978516,-806.0532962682191,-1423.6623472580686,-308.9388739244896,-221.56594848632812,-489.0860900878906,138.15292358398438,0.7374545335769653,2.449660539627075,0.0,26.313520431518555,170.00509643554688,121.0321273803711,-0.03459805250167847,0.21186213195323944,-0.18999361991882324,0.9580291509628296,1
39143,-46.513057708740234,236.04676818847656,-26.946414947509766,-4.575458526611328,203.91546630859375,81.72577667236328,-434.5245283298427,-663.5763938904274,-140.12386556804995,-201.70870971679688,-478.7530212402344,85.360595703125,0.7335635423660278,2.453366994857788,0.0,24.914297103881836,166.98452758789062,122.07244873046875,-0.05196540802717209,0.22255375981330872,-0.17984315752983093,0.956778883934021,1
39145,-51.04250717163086,223.2351837158203,-28.967514038085938,-7.418994903564453,196.07278442382812,83.34037017822266,-540.9087126404047,-1529.9646724760532,-241.36048236303031,-117.56718444824219,-459.4538879394531,91.63931274414062,0.7260681986808777,2.44154953956604,0.0,23.309633255004883,161.27987670898438,124.52715301513672,-0.10925066471099854,0.22101464867591858,-0.1672193855047226,0.9545965194702148,1
39147,-52.981632232666016,213.29006958007812,-29.17329978942871,-9.0975341796875,188.99575805664062,83.61988830566406,-231.43907055811724,-1186.9724229864078,-24.561006395044387,-68.55523681640625,-376.44580078125,12.338543891906738,0.7236586809158325,2.440960645675659,0.011211001314222813,22.30697250366211,155.7093963623047,125.49372100830078,-0.13941434025764465,0.21503226459026337,-0.16051247715950012,0.9531844258308411,1
39149,-52.760196685791016,207.6325225830078,-27.287532806396484,-9.385498046875,183.3095245361328,82.69003295898438,26.454807069152594,-675.9046431540046,225.29174930372392,41.72962188720703,-288.0692138671875,-53.6702880859375,0.7237777709960938,2.4085683822631836,0.0,22.29074478149414,151.29415893554688,125.39501953125,-0.13319744169712067,0.20633046329021454,-0.16081884503364563,0.9559411406517029,1
39151,-49.50009536743164,204.9288330078125,-23.316150665283203,-7.7227325439453125,179.71726989746094,80.66162872314453,389.2761497015599,-322.8371651804773,474.2074548971723,161.79428100585938,-189.65896606445312,-137.73974609375,0.7209514379501343,2.37825345993042,0.0,23.7110595703125,148.01931762695312,123.99507904052734,-0.11674802750349045,0.19155751168727875,-0.17376255989074707,0.9588963389396667,1
39153,-43.863651275634766,203.90878295898438,-19.532028198242188,-4.892368316650391,177.84791564941406,77.76976013183594,673.4371126850601,-121.87463380978443,452.1234428563912,226.1320343017578,-97.07874298095703,-166.03294372558594,0.7132567167282104,2.3653852939605713,0.0,25.907243728637695,146.0935821533203,121.5065689086914,-0.11052200943231583,0.17082491517066956,-0.18957261741161346,0.9605550169944763,1
39155,-36.6888313293457,204.58436584472656,-15.123458862304688,-0.5423812866210938,177.08995056152344,74.49828338623047,857.03605245566,80.69873444037512,526.6059481538832,297.8654479980469,-28.590959548950195,-200.72970581054688,0.7113053798675537,2.3600029945373535,0.0,28.93364715576172,145.19216918945312,119.00243377685547,-0.09374932944774628,0.15628814697265625,-0.21170079708099365,0.960191547870636,1
39156,-33.01143264770508,206.3874053955078,-12.552030563354492,1.761484146118164,177.63731384277344,73.08252716064453,438.9118638248183,215.19979700166732,306.9099885793694,306.56475830078125,65.44599151611328,-167.979248046875,0.7110607624053955,2.358261823654175,0.0,30.325645446777344,145.4254913330078,117.96597290039062,-0.08111932873725891,0.14960259199142456,-0.22341525554656982,0.9597522020339966,1
39158,-24.823810577392578,211.38465881347656,-8.20933723449707,6.214710235595703,179.6874237060547,70.35858154296875,977.2505256691948,596.4574925019406,518.3311225165089,296.9188232421875,132.3797607421875,-152.3347625732422,0.7042720317840576,2.3562581539154053,0.0,32.94120407104492,146.7053680419922,115.81653594970703,-0.04712419956922531,0.13253572583198547,-0.2495521754026413,0.9580904245376587,1
39160,-17.305419921875,218.72152709960938,-5.4217119216918945,9.899606704711914,182.68792724609375,68.36197662353516,897.8492957968265,876.1718199923635,332.8993582171388,253.61480712890625,193.65199279785156,-110.85997772216797,0.7073995471000671,2.3672409057617188,0.0,35.07575225830078,148.3627471923828,113.80768585205078,0.010404604487121105,0.1165960431098938,-0.26560676097869873,0.9569483399391174,1
39162,-12.115692138671875,224.08251953125,-3.955303907394409,12.980911254882812,186.1221160888672,67.12711334228516,619.4142357860692,639.8553390116431,175.02151123734438,195.33114624023438,224.31375122070312,-49.64287567138672,0.7067216634750366,2.3868842124938965,0.0,36.86862564086914,150.48448181152344,112.40553283691406,0.028588803485035896,0.1117604598402977,-0.2761733829975128,0.9541596174240112,1
39164,-8.941978454589844,229.6139678955078,-3.7451095581054688,15.340044021606445,189.46905517578125,66.79271697998047,379.0766269832966,660.6905968777137,25.10616043880691,159.291748046875,199.12757873535156,6.2785162925720215,0.7073863744735718,2.399482250213623,0.0,38.132362365722656,152.61785888671875,111.68697357177734,0.042686641216278076,0.11892833560705185,-0.2872350513935089,0.9494892954826355,1
39165,-8.25271987915039,231.4342498779297,-3.881915330886841,15.838081359863281,191.08370971679688,66.83061981201172,82.32683912458015,217.41922011296265,-16.340437752123762,91.50850677490234,192.54818725585938,5.138012886047363,0.7146410346031189,2.409266471862793,0.0,38.39789962768555,153.6574249267578,111.41119384765625,0.045385126024484634,0.11791356652975082,-0.2873980700969696,0.9494413733482361,1
39167,-8.205726623535156,234.0304718017578,-4.861187934875488,16.014848709106445,193.31613159179688,67.46011352539062,5.6097955090226606,309.9226452400908,-116.90015905566543,22.40374755859375,113.87889862060547,29.32527732849121,0.7229680418968201,2.421626329421997,0.0,38.29468536376953,155.10731506347656,111.51787567138672,0.044510215520858765,0.12151026725769043,-0.2901497483253479,0.9481915235519409,1
39169,-10.677528381347656,234.6368865966797,-5.5897417068481445,14.911420822143555,194.3507080078125,68.08972930908203,-295.0269988561049,72.379889059579,-86.9580386740272,-44.69143295288086,33.976070404052734,31.657238006591797,0.7355520129203796,2.4361650943756104,0.0,37.26300811767578,155.93414306640625,111.94235229492188,0.03682265058159828,0.13240835070610046,-0.28496119379997253,0.948635458946228,1
39171,-15.216255187988281,232.42645263671875,-6.851806163787842,13.191984176635742,194.05612182617188,68.9588623046875,-541.9806732446887,-263.95342500670813,-150.7062604097664,-76.52391052246094,-31.497161865234375,61.57239532470703,0.7494457364082336,2.4545865058898926,0.0,35.921485900878906,156.10157775878906,112.92781829833984,0.013676428236067295,0.14999879896640778,-0.2777872085571289,0.9487610459327698,1
39173,-19.896484375,229.45921325683594,-8.79621410369873,10.990772247314453,193.70162963867188,70.3197250366211,-558.8630064095487,-354.3160504148109,-232.18043894107177,-97.78813171386719,-23.29815101623535,82.76163482666016,0.7561818361282349,2.4568212032318115,0.0,34.56353759765625,156.14794921875,114.24736785888672,-0.015212425962090492,0.1606142520904541,-0.2590767741203308,0.9522871971130371,1
39175,-23.015155792236328,226.72251892089844,-9.17370319366455,9.469314575195312,192.00491333007812,70.50407409667969,-373.14601804706035,-327.4428297970444,-45.16620442873682,-49.06288528442383,-119.21521759033203,-4.677100658416748,0.7528145909309387,2.455601930618286,0.0,33.86046600341797,155.39773559570312,114.62714385986328,-0.023385196924209595,0.16750900447368622,-0.24943853914737701,0.9535062909126282,1
39177,-23.91433334350586,224.70619201660156,-9.197608947753906,9.136800765991211,190.77719116210938,70.43486785888672,-107.38727970322361,-240.80656922445633,-2.8550244579455466,39.50849914550781,-58.53942108154297,-2.9290969371795654,0.7573245763778687,2.4635283946990967,0.0,33.92705535888672,154.69248962402344,114.7509765625,-0.028106754645705223,0.16793525218963623,-0.2424246221780777,0.955111563205719,1
39179,-21.32086181640625,223.75804138183594,-7.733591079711914,10.205743789672852,190.33966064453125,69.96861267089844,309.7874354441883,-113.25559216272086,174.87538846913958,120.01516723632812,-34.98322677612305,-51.692962646484375,0.7592118978500366,2.4579005241394043,0.0,34.92069625854492,154.41856384277344,114.4531021118164,-0.02683716081082821,0.1476357877254486,-0.2453942745923996,0.9577395915985107,1
39181,-16.412757873535156,223.47422790527344,-6.09019660949707,12.557109832763672,190.58010864257812,69.0107421875,585.622716168873,-33.863915875554085,196.08572772424668,182.68206787109375,33.32387924194336,-48.82711410522461,0.7548940777778625,2.441699743270874,0.0,36.692298889160156,154.56077575683594,113.69425201416016,-0.03360005468130112,0.12724599242210388,-0.2546737492084503,0.9580296277999878,1
39182,-12.915313720703125,224.0017852783203,-5.056333541870117,14.105039596557617,191.03729248046875,68.32418060302734,416.63794444827363,62.846012653782964,123.16038927691989,215.6013641357422,54.42973709106445,-80.72299194335938,0.7468419671058655,2.4432432651519775,0.0,37.77348709106445,154.8052978515625,113.05572509765625,-0.03162715211510658,0.11225371807813644,-0.2646767199039459,0.9572591185569763,1
39184,-6.2237396240234375,227.05490112304688,-2.8824410438537598,17.885501861572266,191.76663208007812,66.72953033447266,797.8507478074171,364.02955786837265,259.19787035697664,266.943603515625,74.92388153076172,-63.55274200439453,0.7316027283668518,2.4389920234680176,0.0,40.18841552734375,155.1128387451172,111.75308990478516,-0.007306958548724651,0.10253426432609558,-0.2884524464607239,0.9519603848457336,1
39186,0.037456512451171875,229.67286682128906,-1.3588924407958984,21.709869384765625,192.5282440185547,65.56867218017578,746.3974245425197,312.0877883580979,181.62228569444414,255.48243713378906,47.49910354614258,-79.18891143798828,0.7357341051101685,2.440365791320801,0.0,42.55888748168945,155.3025360107422,110.7741928100586,0.016129394993185997,0.09640011191368103,-0.30144619941711426,0.9484603404998779,1
39188,5.538908004760742,232.76931762695312,0.25450998544692993,24.08957862854004,193.92169189453125,64.9335708618164,655.5243125864217,368.95695411984343,192.24463177882035,161.25669860839844,76.88904571533203,-38.993568420410156,0.7208833694458008,2.431854486465454,0.0,43.934417724609375,155.8845977783203,110.1097183227539,0.04559396952390671,0.07644209265708923,-0.30761978030204773,0.94733726978302,1
39190,8.688737869262695,236.3307342529297,0.49903661012649536,25.777881622314453,195.03001403808594,64.36589050292969,375.964415488299,425.0915057938546,29.18675403870293,123.92631530761719,56.01683044433594,-24.62811851501465,0.719639778137207,2.440331220626831,0.0,44.8016471862793,156.40306091308594,109.4405517578125,0.07018737494945526,0.07653498649597168,-0.31643813848495483,0.9429119825363159,1
39192,9.837966918945312,238.73500061035156,-1.303514838218689,26.77106285095215,195.47186279296875,64.95577239990234,137.37447522614093,287.39686770527624,-215.47015310213965,64.64482879638672,24.285804748535156,39.33458709716797,0.7263762950897217,2.4387564659118652,0.0,45.033531188964844,156.26748657226562,109.87001037597656,0.07737839967012405,0.08812984824180603,-0.32777243852615356,0.9374491572380066,1
39194,8.027339935302734,240.19935607910156,-2.8664021492004395,26.184633255004883,195.67018127441406,66.03260040283203,-216.23442314084969,174.8808909393847,-186.64807228511108,-24.584548950195312,2.177813768386841,69.30064392089844,0.730614960193634,2.4444549083709717,0.0,44.28831481933594,156.1761474609375,110.7926254272461,0.08127325028181076,0.10523941367864609,-0.3246968984603882,0.936424732208252,1
39196,2.9438343048095703,237.48065185546875,-3.5751426219940186,24.439590454101562,194.70877075195312,66.8937759399414,-607.7436629061413,-325.02674007439055,-84.73139646028358,-81.19523620605469,-74.03558349609375,46.61164855957031,0.7287116646766663,2.458639144897461,0.0,43.01910400390625,155.4292755126953,111.6818618774414,0.06020341441035271,0.11865051835775375,-0.31025978922843933,0.9412950873374939,1
39197,0.00804901123046875,234.3919677734375,-4.032397747039795,23.523643493652344,193.82144165039062,67.43226623535156,-350.49502745771315,-368.74917743727565,-54.59038437130221,-76.58522033691406,-105.12548828125,64.5759506225586,0.734745979309082,2.4687139987945557,0.0,42.44129180908203,154.90432739257812,112.33939361572266,0.03636988252401352,0.12577947974205017,-0.3005637526512146,0.9447318315505981,1
39199,-5.0096893310546875,226.90560913085938,-4.827565670013428,21.830123901367188,191.61831665039062,68.6961669921875,-599.1249713872094,-893.8816856453195,-94.94416141329566,-69.39015197753906,-149.04856872558594,73.0005874633789,0.7417789101600647,2.4842679500579834,0.0,41.51549530029297,153.39373779296875,113.87966918945312,-0.01672849804162979,0.1350208818912506,-0.2798802852630615,0.950345516204834,1
39201,-7.712574005126953,222.45765686035156,-5.5330586433410645,20.644508361816406,189.1540985107422,69.4410400390625,-322.67257145402255,-531.0001609011088,-84.22232514397183,-25.988178253173828,-130.3116455078125,54.09088897705078,0.7466174364089966,2.484020948410034,0.0,40.947811126708984,151.87518310546875,115.10636138916016,-0.03324214369058609,0.13977184891700745,-0.26924702525138855,0.9522945284843445,1
39203,-7.661609649658203,219.7595977783203,-5.133271217346191,20.412086486816406,187.70823669433594,69.85216522216797,6.08569975476712,-322.17767384368926,47.738977918161254,38.28212356567383,-73.09986877441406,8.350839614868164,0.7466897368431091,2.474257707595825,0.0,40.98229217529297,150.9623565673828,115.87657928466797,-0.04313839599490166,0.1331949532032013,-0.2667880058288574,0.9535315036773682,1
39205,-3.83447265625,220.63156127929688,-5.025949001312256,21.26140594482422,186.80294799804688,69.93121337890625,457.03222533818916,104.12886184931267,12.816293565319938,100.55355834960938,-34.90068435668945,-1.7258083820343018,0.7430786490440369,2.457151174545288,0.0,41.579490661621094,150.01185607910156,116.03240203857422,-0.021581364795565605,0.11568990349769592,-0.2819451093673706,0.9521853923797607,1
39207,0.44354820251464844,224.36424255371094,-4.984043598175049,23.197166442871094,186.65182495117188,69.814208984375,510.56461500491423,445.48052492609713,5.001241631522134,160.04403686523438,-9.721273422241211,-9.424891471862793,0.7357767224311829,2.446760654449463,0.0,42.4677734375,149.38031005859375,115.94300842285156,0.01770981214940548,0.11662537604570389,-0.29911190271377563,0.9468985795974731,1
39208,2.801309585571289,224.93142700195312,-4.901213645935059,24.061965942382812,186.8053741455078,69.72389221191406,281.45654189854395,67.70734925428405,9.887782576566678,136.06430053710938,18.704496383666992,-10.225851058959961,0.7316442131996155,2.4436683654785156,0.0,42.87281799316406,149.22604370117188,115.8142318725586,0.025268595665693283,0.10610070824623108,-0.30215930938720703,0.9469972848892212,1
39210,6.081926345825195,226.34835815429688,-4.48906946182251,25.283056259155273,186.94061279296875,69.33523559570312,391.86620798218064,169.25092999823391,49.23018760581908,102.4962158203125,19.137046813964844,-13.870797157287598,0.7323731184005737,2.444044351577759,0.0,43.39823913574219,148.6568145751953,115.1787338256836,0.052048731595277786,0.0893436074256897,-0.29526078701019287,0.9498050808906555,1
39212,7.804985046386719,227.78372192382812,-4.667616844177246,26.3159122467041,187.03932189941406,69.38070678710938,205.78203532886982,171.42310812463984,-21.32361696767839,80.96479797363281,-2.8734309673309326,6.241274356842041,0.7321240305900574,2.445897340774536,0.0,43.833168029785156,148.21621704101562,114.9795150756836,0.07285905629396439,0.08273202180862427,-0.2785240709781647,0.9540814161300659,1
39214,8.468517303466797,227.10391235351562,-5.41457986831665,26.73659324645996,186.1829376220703,69.9388427734375,79.22667891776655,-81.17021286860108,-89.18842911625688,50.52989196777344,-56.62316131591797,44.74439239501953,0.7316804528236389,2.4426662921905518,0.0,43.88518524169922,147.18716430664062,115.440673828125,0.07633344829082489,0.07765179127454758,-0.2667771875858307,0.9575872421264648,1
39216,7.925090789794922,220.61061096191406,-4.883055686950684,26.879289627075195,184.6056671142578,70.54410552978516,-64.93154120258987,-775.8547958964482,63.509386116144015,36.15407943725586,-108.82177734375,30.13392448425293,0.7380141019821167,2.4597036838531494,0.0,43.64932632446289,145.90408325195312,116.37230682373047,0.021181143820285797,0.06872984766960144,-0.2512991428375244,0.9652338027954102,1
39218,4.960304260253906,210.02212524414062,-4.4755988121032715,26.19326400756836,182.2736053466797,71.93119812011719,-354.0889121745131,-1264.5987669008318,48.66318709127518,-28.51095962524414,-138.23666381835938,88.52371978759766,0.7389853596687317,2.4930105209350586,0.0,42.58460998535156,144.52139282226562,118.76953125,-0.06890463829040527,0.0669960305094719,-0.22260843217372894,0.9701593518257141,1
39220,-0.3509788513183594,201.25775146484375,-4.424436569213867,24.406688690185547,179.492431640625,72.6858139038086,-634.1325654235552,-1046.4090714515187,6.108438140981889,-91.96012878417969,-154.5186767578125,48.77295684814453,0.7371318340301514,2.520653009414673,0.0,40.84690856933594,143.3879852294922,120.77020263671875,-0.12183768302202225,0.08151108026504517,-0.19161194562911987,0.9704619646072388,1
39221,-3.836578369140625,196.66970825195312,-4.7413153648376465,23.137767791748047,178.1121063232422,73.1438217163086,-416.17441816735663,-547.804245693842,-37.834767799340625,-119.189453125,-164.41949462890625,55.26315689086914,0.7330549955368042,2.530776262283325,0.0,39.71369552612305,142.71173095703125,121.68296813964844,-0.1566774547100067,0.09128504246473312,-0.18012256920337677,0.9667859673500061,1
39223,-9.847484588623047,187.0499267578125,-6.157706260681152,19.980077743530273,174.9206085205078,73.85333251953125,-717.663001841458,-1148.539173971396,-169.10783581971918,-173.82705688476562,-164.8645782470703,56.69859313964844,0.727526068687439,2.5495870113372803,0.009087399579584599,37.39967346191406,141.35926818847656,123.35608673095703,-0.22183993458747864,0.09585736691951752,-0.15737520158290863,0.957513153553009,1
39225,-15.289398193359375,183.14361572265625,-7.547496795654297,16.298301696777344,172.31741333007812,74.51091003417969,-649.7031698760111,-466.3695248402655,-165.92533098097192,-193.91921997070312,-135.9214630126953,33.058650970458984,0.7206111550331116,2.522202491760254,0.023009320721030235,35.09040832519531,140.29791259765625,124.59894561767578,-0.2395997941493988,0.10811996459960938,-0.15026894211769104,0.9530588984489441,1
39227,-19.57392120361328,182.4852752685547,-8.145028114318848,12.526874542236328,171.3771209716797,75.0108642578125,-510.7310816453537,-78.47663121647201,-71.22795605675492,-173.79730224609375,-50.93620300292969,29.75796127319336,0.7122675776481628,2.490218162536621,0.007687147706747055,32.836341857910156,140.12098693847656,125.20374298095703,-0.23113958537578583,0.11186856031417847,-0.15487881004810333,0.9539771676063538,1
39229,-22.669593811035156,185.7003173828125,-8.774993896484375,10.280014038085938,171.11256408691406,75.44300842285156,-369.1183589079883,383.35160707554314,-75.1151575666081,-77.00198364257812,-0.5326825380325317,32.75025939941406,0.7184385061264038,2.4478516578674316,0.0,31.62398338317871,140.39512634277344,125.55960083007812,-0.19095361232757568,0.12762755155563354,-0.1660304069519043,0.9590004086494446,1
39231,-23.076053619384766,190.77378845214844,-8.65234375,9.714179992675781,172.15542602539062,75.4535903930664,-48.452805054956116,604.7926501580514,14.620741129852831,24.540054321289062,88.61202239990234,-12.651845932006836,0.7325600981712341,2.422069787979126,0.0,31.369930267333984,141.5372772216797,125.45490264892578,-0.14920084178447723,0.1355990171432495,-0.17628377676010132,0.9634708166122437,1
39233,-19.708965301513672,197.03616333007812,-7.26902437210083,10.73971939086914,174.67494201660156,74.8872299194336,401.4598524174071,746.6665132994531,164.93395505843728,138.38827514648438,166.60067749023438,-26.949691772460938,0.7350614070892334,2.406865358352661,0.0,32.10021209716797,143.577880859375,124.72562408447266,-0.11392093449831009,0.12633708119392395,-0.20098760724067688,0.9647097587585449,1
39234,-16.545242309570312,200.3102264404297,-6.460101127624512,11.81399154663086,176.5094451904297,74.54756164550781,376.7483048681752,389.88803065172397,96.3296919170898,159.692138671875,217.9803466796875,-39.68886947631836,0.7330496311187744,2.3968758583068848,0.0,32.88103103637695,144.9572296142578,124.25138854980469,-0.10044407844543457,0.11285978555679321,-0.21527394652366638,0.964795708656311,1
39236,-9.86581802368164,207.23785400390625,-5.33358097076416,15.027101516723633,180.49783325195312,73.47925567626953,797.3422091781395,826.9709527953528,134.47597159718862,244.86148071289062,254.1193084716797,-67.36045837402344,0.7385238409042358,2.388277053833008,0.0,34.953514099121094,147.9636688232422,122.9853515625,-0.07955554872751236,0.09578121453523636,-0.24385572969913483,0.9617854356765747,1
39238,-2.208515167236328,217.0743865966797,-3.2357125282287598,18.581546783447266,185.62728881835938,71.8197021484375,914.2926637106575,1174.4957401487045,250.48842424010218,240.9027099609375,319.5395812988281,-95.23206329345703,0.734404981136322,2.3829057216644287,0.0,37.243614196777344,151.77593994140625,120.94390106201172,-0.02123453840613365,0.07526128739118576,-0.2643246352672577,0.9612581729888916,1
39240,5.700468063354492,222.98524475097656,-1.8453187942504883,22.56017303466797,190.45602416992188,70.66651153564453,944.9454304922983,706.2144703490194,166.1207474086077,275.57867431640625,286.2522277832031,-68.95816040039062,0.7244957685470581,2.3970377445220947,0.0,39.80732727050781,155.38352966308594,119.44947052001953,-0.008373122662305832,0.052412211894989014,-0.28213560581207275,0.9579051733016968,1
39242,11.122364044189453,228.51715087890625,-1.2244212627410889,26.393829345703125,195.51260375976562,70.00310516357422,647.4163332893659,660.5523960815044,74.13996960087934,243.98936462402344,292.80291748046875,-47.420188903808594,0.7211463451385498,2.4260191917419434,0.0,42.08739471435547,159.1376495361328,118.33735656738281,-0.0027552132960408926,0.045644816011190414,-0.284324586391449,0.9576368927955627,1
39244,14.750312805175781,232.43849182128906,-0.6688718795776367,29.01105499267578,199.67774963378906,69.47944641113281,433.6481573909987,468.7172797070816,66.40473232125805,169.04269409179688,236.85252380371094,-16.469627380371094,0.7208554148674011,2.444767713546753,0.0,43.83502197265625,162.2288360595703,117.29761505126953,-0.0029793798457831144,0.038300689309835434,-0.2786427140235901,0.9596261978149414,1
39245,15.27499771118164,232.33924865722656,-0.46494603157043457,30.005693435668945,201.09849548339844,69.30157470703125,62.643127361807274,-11.848829830996692,24.347094270970047,150.3111572265625,168.97518920898438,-20.500524520874023,0.7301055788993835,2.4587697982788086,0.0,44.595726013183594,163.48388671875,117.01200103759766,-0.024569254368543625,0.03782054781913757,-0.2740704417228699,0.9606515169143677,1
39247,13.615365982055664,230.74755859375,-0.21662575006484985,30.934234619140625,202.88148498535156,69.07190704345703,-198.07038413455302,-189.96181909705047,29.636028694217657,73.56742858886719,90.96046447753906,-8.688138961791992,0.7458847761154175,2.496899366378784,0.0,45.343379974365234,165.2535858154297,116.6899185180664,-0.06148816645145416,0.04704621434211731,-0.2538726329803467,0.9641340970993042,1
39249,9.727043151855469,227.2967987060547,-0.19559738039970398,30.856544494628906,203.92242431640625,69.03244018554688,-464.28352152282605,-412.0365058542229,2.510883469908549,22.420394897460938,39.92228698730469,6.679975509643555,0.757297933101654,2.527651786804199,0.0,45.52406311035156,166.49142456054688,116.62812042236328,-0.11526696383953094,0.06264176964759827,-0.22706076502799988,0.9650041460990906,1
39251,5.316051483154297,222.24989318847656,-1.000891089439392,30.290267944335938,203.8885498046875,69.2862548828125,-526.6855703730835,-602.6155818896368,-96.15447235435659,-10.197517395019531,-11.81917953491211,19.390193939208984,0.7631328105926514,2.5517139434814453,0.0,45.58578872680664,166.90579223632812,116.93262481689453,-0.16927702724933624,0.079656682908535,-0.1991034746170044,0.9619552493095398,1
39253,3.0852584838867188,220.5716552734375,-1.6720376014709473,29.721088409423828,203.45135498046875,69.17021942138672,-266.3386127013655,-200.36801183305215,-80.12945665175266,14.852367401123047,-23.92093849182129,-13.997119903564453,0.7663966417312622,2.5492324829101562,0.0032151606865227222,46.009254455566406,166.9622344970703,116.85795593261719,-0.18541793525218964,0.08926483243703842,-0.18700137734413147,0.960563600063324,1
39255,2.8414535522460938,219.67674255371094,-1.983170986175537,30.49435043334961,202.93270874023438,69.03901672363281,-29.116058729588985,-106.87368434295058,-37.15666389861144,116.35882568359375,-35.17339324951172,-6.310351371765137,0.7689898610115051,2.5486903190612793,0.015132696367800236,47.36800003051758,166.876708984375,116.77424621582031,-0.1914430409669876,0.09545021504163742,-0.18060088157653809,0.9600115418434143,1
39256,4.055730819702148,219.65895080566406,-1.853564739227295,31.277782440185547,202.8646697998047,68.95245361328125,144.96525276637112,-2.1240496893879026,15.472909567281022,125.52944946289062,-7.8461408615112305,-9.69145679473877,0.7681253552436829,2.5459885597229004,0.011399234645068645,48.30964279174805,166.97604370117188,116.71385192871094,-0.18977196514606476,0.08996856212615967,-0.1817992925643921,0.9606462717056274,1
39258,9.76321792602539,223.10125732421875,-1.365379810333252,33.944541931152344,203.78273010253906,68.68820190429688,681.4638668402768,411.0053106182022,58.28841715800081,208.63124084472656,68.07222747802734,-16.912324905395508,0.763651967048645,2.515239715576172,0.0,50.91101837158203,167.74417114257812,116.3154067993164,-0.1574932187795639,0.06823664903640747,-0.19269536435604095,0.9661304950714111,1
39260,18.65050506591797,228.58990478515625,-1.686722755432129,38.22732162475586,206.19296264648438,68.57134246826172,1062.0563077542465,655.9091166034341,-38.4014037605084,315.2593688964844,158.7559814453125,-13.445446014404297,0.737544596195221,2.430711507797241,0.0,54.30338668823242,169.04754638671875,115.6337890625,-0.1299218237400055,0.03501760587096214,-0.20827482640743256,0.9687702059745789,1
39261,23.318675994873047,232.2156524658203,-1.9094715118408203,40.703311920166016,207.48516845703125,68.46283721923828,557.6006803176133,433.08597824862227,-26.60675026764511,325.7694396972656,153.47239685058594,-12.243481636047363,0.726436972618103,2.372739553451538,0.0,56.21342468261719,169.716552734375,115.17478942871094,-0.0994003638625145,0.024722427129745483,-0.21488167345523834,0.9712539315223694,1
39264,39.94643783569336,248.73507690429688,-10.248209953308105,49.03722381591797,213.27943420410156,69.5662612915039,1981.6711624525487,1968.7596769444644,-993.798062474234,366.9299011230469,210.21981811523438,85.29402160644531,0.6843315958976746,2.1486082077026367,0.0,61.80177307128906,171.69068908691406,113.59698486328125,0.008493272587656975,-0.010454505681991577,-0.2694196105003357,0.9629286527633667,1
39265,43.87025833129883,250.7862548828125,-13.126398086547852,51.67420959472656,215.0703582763672,70.37773895263672,468.8331140470109,245.0826076802332,-343.8969511554387,353.74090576171875,218.6387939453125,99.56990051269531,0.6739368438720703,2.158289909362793,0.0,63.46941375732422,172.1174774169922,113.4020004272461,0.006643763743340969,-0.027007222175598145,-0.27528002858161926,0.9609616994857788,1
39267,47.52484893798828,254.9423370361328,-21.629915237426758,56.04785919189453,218.21920776367188,72.64618682861328,436.00460416119313,495.8341847655829,-1014.4973892726703,268.3616027832031,153.4385986328125,152.2834014892578,0.6533984541893005,2.245896577835083,0.09200415015220642,65.93026733398438,172.7742156982422,113.63946533203125,-0.032455578446388245,-0.019950538873672485,-0.28244686126708984,0.9585261344909668,1
39269,45.09056854248047,252.6100311279297,-29.681547164916992,59.165740966796875,220.8046112060547,75.85445404052734,-290.51388515695,-278.34396235411987,-960.904453499068,199.56349182128906,135.40176391601562,209.97531127929688,0.6645141243934631,2.395606517791748,0.4400980770587921,67.76815795898438,173.1769256591797,114.59144592285156,-0.25482019782066345,0.04112771153450012,-0.2460845708847046,0.9342470765113831,1
39271,42.61388397216797,251.03265380859375,-37.44025421142578,60.70431900024414,222.537353515625,79.15274810791016,-295.64507510885596,-188.2935928297229,-926.1670036662254,96.11144256591797,86.15568542480469,203.72012329101562,0.6908203959465027,2.4530348777770996,0.8219183087348938,68.61922454833984,173.29400634765625,115.85608673095703,-0.41529396176338196,0.09680186957120895,-0.19970908761024475,0.8821998238563538,1
39288,17.291738510131836,247.84799194335938,-47.55752944946289,50.69678497314453,211.36013793945312,93.19136810302734,-446.54609977826476,-618.5342807257548,14.694558016723022,-40.31056594848633,-338.71319580078125,66.01400756835938,0.7283533811569214,2.3015995025634766,0.38251399993896484,63.912864685058594,160.4409942626953,125.76188659667969,-0.17002059519290924,0.24365225434303284,-0.18735435605049133,0.9362825155258179,1
39289,14.34145736694336,241.55264282226562,-51.36813735961914,50.050865173339844,209.2757568359375,94.50794982910156,-352.2349867477751,-751.6036969427951,-454.94966804562137,-44.77128982543945,-248.11737060546875,157.5077667236328,0.7285606861114502,2.330994129180908,0.5204446911811829,63.26049041748047,158.6141815185547,127.35877227783203,-0.2562295198440552,0.2676069736480713,-0.15768128633499146,0.9153521656990051,1
39291,9.887847900390625,227.93035888671875,-65.48787689208984,48.70591354370117,205.02703857421875,97.27344512939453,-531.880105175107,-1626.8651004938874,-1686.274605794897,-66.25309753417969,-224.23736572265625,156.14990234375,0.7112002968788147,2.5339953899383545,0.9725515246391296,61.58257293701172,154.84371948242188,130.81466674804688,-0.47936445474624634,0.33494833111763,-0.04890350624918938,0.8097084164619446,1
