frame_id,index_x_coor,index_y_coor,index_z_coor,palm_x_coor,palm_y_coor,palm_z_coor,index_x_velocity,index_y_velocity,index_z_velocity,palm_velocity_x,palm_velocity_y,palm_velocity_z,confidence,hand_grab_angle,hand_grab_strength,armPosition_x,armPosition_y,armPosition_z,tip_rotation_x,tip_rotation_y,tip_rotation_z,tip_rotation_w,target
18820,-127.2618408203125,259.3856201171875,-125.15605163574219,-91.64222717285156,214.6539306640625,149.17471313476562,34.02022662921809,-320.8032661478501,-23.58729639003286,64.50238037109375,35.59402847290039,-29.80762481689453,0.7338831424713135,1.7755714654922485,0.8163484334945679,-70.49925231933594,159.28341674804688,168.97900390625,-0.19032663106918335,0.3042181432247162,-0.0066008190624415874,0.9333721399307251,1
18821,-126.13755798339844,256.67474365234375,-125.10540008544922,-91.37873840332031,215.0125732421875,148.733642578125,134.26054195326287,-323.729698068928,6.048748917819466,63.617218017578125,43.02534103393555,-51.971256256103516,0.730641782283783,1.8868522644042969,0.8880590796470642,-70.34902954101562,159.5659942626953,168.47023010253906,-0.2676936984062195,0.2949201762676239,0.004038318991661072,0.9172490835189819,1
18823,-125.06674194335938,253.65184020996094,-124.40292358398438,-90.97895812988281,215.7629852294922,147.12496948242188,127.84506132348906,-360.9053857208928,83.86888881941559,48.60969543457031,48.11719512939453,-120.41512298583984,0.7172242403030396,2.052586555480957,0.9597800970077515,-70.39791870117188,160.32958984375,167.3373260498047,-0.3508901000022888,0.2922775149345398,0.020073100924491882,0.8894082903862,1
18847,-139.3121337890625,283.1111755371094,-120.2794189453125,-96.57200622558594,224.23760986328125,144.6233367919922,-267.0719359922223,305.38144991220906,85.84182329289615,-107.0419921875,49.75175094604492,56.603939056396484,0.7210242748260498,2.5385775566101074,0.0,-74.71694946289062,171.34580993652344,170.16432189941406,0.2603440582752228,0.364263653755188,-0.12280828505754471,0.8856924176216125,1
18848,-141.8805389404297,284.51055908203125,-120.81719970703125,-98.06216430664062,224.6183624267578,145.30252075195312,-306.3541509497445,166.91562759457156,-64.14539721887559,-145.75473022460938,45.727943420410156,81.73104858398438,0.72927325963974,2.5418477058410645,0.0,-75.69537353515625,171.9408721923828,170.85903930664062,0.27322641015052795,0.3670714199542999,-0.12430857867002487,0.880427896976471,1
18850,-146.61233520507812,285.46917724609375,-122.5594482421875,-100.98121643066406,225.4508056640625,146.7664794921875,-565.1405590849463,114.49225091002882,-208.08489126618952,-144.0656280517578,28.60516929626465,95.47042846679688,0.735975980758667,2.5613200664520264,0.0,-77.81904602050781,173.05743408203125,172.31951904296875,0.26973795890808105,0.3762376010417938,-0.12057898193597794,0.8781499862670898,1
18852,-151.57183837890625,283.3978271484375,-124.8663558959961,-104.00796508789062,225.6759033203125,148.4319305419922,-592.6669860575348,-247.5289915986359,-275.67842148197815,-142.36651611328125,-0.8114579916000366,91.7330322265625,0.7390556931495667,2.5898373126983643,0.0,-80.0267333984375,173.48956298828125,173.85855102539062,0.24198059737682343,0.3973560631275177,-0.10875121504068375,0.8784797787666321,1
18854,-157.35235595703125,282.0519104003906,-126.71257019042969,-107.77159118652344,225.64822387695312,149.81744384765625,-690.4308991897851,-160.75766538712196,-220.51371320564067,-200.76174926757812,-14.603768348693848,60.62676239013672,0.7402914762496948,2.600374460220337,0.0,-82.69889831542969,174.1569061279297,175.6031036376953,0.23178251087665558,0.41266435384750366,-0.10029051452875137,0.8751723766326904,1
18856,-162.93309020996094,279.1723937988281,-128.18138122558594,-111.66107177734375,224.9652557373047,150.57716369628906,-666.3032744473312,-343.79550315253437,-175.36645859014243,-195.11708068847656,-48.29665756225586,50.21380615234375,0.7385856509208679,2.618194341659546,0.0,-85.42109680175781,174.4212188720703,177.1172332763672,0.21160022914409637,0.4327305853366852,-0.08857129514217377,0.8718513250350952,1
18858,-169.17477416992188,275.6909484863281,-128.82736206054688,-115.28353881835938,223.3990936279297,151.64273071289062,-745.3152663126821,-415.7170335575938,-77.13613523694221,-196.78231811523438,-95.1964340209961,84.9731674194336,0.7387178540229797,2.6285483837127686,0.0,-87.7510986328125,173.99830627441406,179.106689453125,0.2004982978105545,0.43820369243621826,-0.07801426202058792,0.8727495074272156,1
18860,-174.5107421875,271.769775390625,-129.48658752441406,-118.55796813964844,221.63172912597656,153.46237182617188,-637.231956962496,-468.2743219472468,-78.72602141462266,-148.2805938720703,-108.448486328125,103.42655181884766,0.7405499815940857,2.6303868293762207,0.0,-89.71720886230469,173.1988067626953,181.39581298828125,0.1808849722146988,0.4359872341156006,-0.06852176040410995,0.8789200782775879,1
18861,-176.53070068359375,270.6269226074219,-130.1537322998047,-119.86231994628906,220.5911865234375,154.09307861328125,-241.18267765035853,-136.4564147957135,-79.65696504176594,-123.91989135742188,-124.28218078613281,76.111083984375,0.7405700087547302,2.6332449913024902,0.0,-90.48666381835938,172.6396026611328,182.2755126953125,0.18524643778800964,0.43706417083740234,-0.06824252009391785,0.8774973750114441,1
18863,-180.22653198242188,266.97308349609375,-131.3232879638672,-122.13819885253906,218.2003936767578,155.52322387695312,-441.11186851980165,-436.0999372941442,-139.59102637507021,-82.14338684082031,-153.5756378173828,84.29219055175781,0.7371219396591187,2.636894702911377,0.0,-91.70762634277344,171.02182006835938,183.8994598388672,0.1810309737920761,0.437336266040802,-0.059180326759815216,0.8788984417915344,1
18865,-182.9265594482422,263.1575012207031,-131.27597045898438,-123.43405151367188,215.6859893798828,156.55203247070312,-322.49402685288806,-455.7370279955212,5.651650912244804,-38.8209114074707,-160.90467834472656,44.806434631347656,0.7392091155052185,2.6490209102630615,0.0,-92.397705078125,169.1200408935547,185.13174438476562,0.17382444441318512,0.4290451407432556,-0.05409089848399162,0.8847482800483704,1
18867,-185.05780029296875,258.77606201171875,-131.13551330566406,-124.1810302734375,212.50723266601562,157.111328125,-254.59136272815522,-523.3930185253266,16.778572049806826,2.1375865936279297,-218.52674865722656,28.271133422851562,0.7427582740783691,2.6569645404815674,0.0,-92.57998657226562,166.55323791503906,185.9496307373047,0.17130564153194427,0.4237889349460602,-0.0451299287378788,0.8882682919502258,1
18869,-185.98321533203125,253.29452514648438,-129.74732971191406,-124.02191162109375,208.70169067382812,157.05108642578125,-110.51051348168403,-654.5900250978302,165.77305887266994,46.81016540527344,-223.0338592529297,-6.849449157714844,0.7448253631591797,2.6677770614624023,0.0,-92.05085754394531,163.60073852539062,186.70590209960938,0.1648893803358078,0.4157101511955261,-0.03663259372115135,0.8936747908592224,1
18871,-186.11062622070312,249.2373809814453,-128.9192352294922,-123.51969909667969,204.8863983154297,156.63333129882812,-15.218288329197094,-484.59586413914803,98.9097613922786,69.03651428222656,-242.11363220214844,-42.2520637512207,0.7410651445388794,2.6679635047912598,0.0,-91.26823425292969,160.712158203125,187.29734802246094,0.17218920588493347,0.4171433746814728,-0.035342276096343994,0.8916800022125244,1
18873,-185.2317352294922,243.8953094482422,-127.36978149414062,-122.10398864746094,200.6250762939453,156.06626892089844,104.94499024900142,-637.8761991735082,185.0143064087024,121.86772155761719,-241.9328155517578,-24.051563262939453,0.7367058992385864,2.6630916595458984,0.0,-89.80712890625,157.3699188232422,187.8612518310547,0.16411176323890686,0.41927486658096313,-0.029265612363815308,0.8924233317375183,1
18874,-184.6179656982422,241.79742431640625,-126.48467254638672,-121.381103515625,198.86578369140625,155.8185577392578,73.3005004785955,-250.5436035526218,105.70568518823711,118.80055236816406,-210.50906372070312,-29.055025100708008,0.7366513013839722,2.6597299575805664,0.0,-89.05995178222656,156.1236572265625,188.20191955566406,0.16364888846874237,0.4175077974796295,-0.030364131554961205,0.8932996392250061,1
18876,-183.45997619628906,237.8062744140625,-125.31163787841797,-119.39662170410156,194.7627410888672,154.8582000732422,138.20322700310498,-476.3340211864561,139.9988309275359,136.15261840820312,-237.16519165039062,-40.93923568725586,0.7352640628814697,2.6494953632354736,0.0,-86.98770141601562,152.8752899169922,188.16636657714844,0.1743544042110443,0.42304113507270813,-0.026503240689635277,0.8887825012207031,1
18878,-181.23138427734375,233.2891387939453,-122.05916595458984,-116.91300964355469,190.5746612548828,153.15223693847656,266.075821541599,-539.3094002181897,388.3187997841742,197.74636840820312,-253.7884063720703,-116.17205047607422,0.7410363554954529,2.6439805030822754,0.0,-84.47196960449219,149.82626342773438,187.72195434570312,0.1821109652519226,0.416718989610672,-0.016818195581436157,0.8904482126235962,1
18880,-178.14520263671875,229.90386962890625,-118.6737289428711,-113.93144226074219,187.01766967773438,151.3646240234375,368.2501383982599,-403.93793486780487,403.9579627113417,220.6499481201172,-215.7993927001953,-111.99838256835938,0.7461492419242859,2.633796215057373,0.0,-81.57341003417969,147.29415893554688,187.15884399414062,0.19524092972278595,0.4080502986907959,-0.012818530201911926,0.8917464017868042,1
18882,-174.4575653076172,227.0760040283203,-115.93755340576172,-110.43989562988281,184.00949096679688,149.8131866455078,440.455153471441,-337.76314369996544,326.81158925569616,250.2781524658203,-169.3807830810547,-84.25016784667969,0.7504621148109436,2.627896785736084,0.0,-78.42808532714844,144.9130401611328,186.4991455078125,0.2033671885728836,0.400288850069046,-0.006542488466948271,0.8935142755508423,1
18884,-169.55662536621094,224.5826416015625,-113.4041976928711,-106.16798400878906,180.96038818359375,148.0626678466797,585.388768946752,-297.81763885868713,302.5946042602882,304.3169250488281,-162.06689453125,-78.90614318847656,0.7457801699638367,2.6133370399475098,0.0,-74.54861450195312,142.46348571777344,185.68887329101562,0.21879129111766815,0.3944992125034332,-0.007038772106170654,0.8924411535263062,1
18886,-164.45309448242188,223.00332641601562,-110.47195434570312,-101.52236938476562,178.83773803710938,146.02871704101562,608.9647898671683,-188.4474419769831,349.88187480543274,326.8830871582031,-124.98844909667969,-124.35195922851562,0.7478565573692322,2.6120007038116455,0.0,-70.38644409179688,140.84335327148438,184.6458740234375,0.22886669635772705,0.38741886615753174,-0.010092697106301785,0.8929864168167114,1
18887,-161.34149169921875,222.27093505859375,-108.86539459228516,-99.06672668457031,178.06272888183594,145.21730041503906,371.13583322335035,-87.35584058146924,191.62211061338894,324.2578125,-91.91748046875,-95.88233184814453,0.748428225517273,2.609168291091919,0.0,-68.10026550292969,140.24905395507812,184.1142578125,0.2277810275554657,0.3816324770450592,-0.012198290787637234,0.8957251906394958,1
18889,-154.64036560058594,220.5579833984375,-104.88214874267578,-92.99432373046875,175.59701538085938,142.88197326660156,798.6616320791654,-204.1550552006811,474.73597487900406,394.10455322265625,-147.5207061767578,-137.4599151611328,0.7392800450325012,2.603708267211914,0.0,-63.40825271606445,138.08990478515625,183.0803985595703,0.2290985882282257,0.3762269914150238,-0.021716061979532242,0.8974939584732056,1
18891,-147.25758361816406,218.8965301513672,-100.59652709960938,-86.28695678710938,173.5718994140625,140.24354553222656,880.0317579098046,-198.0461599957198,510.84850633051246,424.09698486328125,-87.89566802978516,-154.16204833984375,0.7401807308197021,2.6099255084991455,0.0,-58.22574234008789,136.27432250976562,181.73106384277344,0.2295977920293808,0.3678213655948639,-0.025358697399497032,0.9007492661476135,1
18893,-139.09051513671875,217.40943908691406,-96.38341522216797,-79.62081909179688,171.38873291015625,137.77061462402344,973.04229218408,-177.17526200856082,501.95930740231415,442.3390808105469,-143.1510467529297,-130.07443237304688,0.7386898398399353,2.6101133823394775,0.0,-52.47495651245117,134.57469177246094,180.47622680664062,0.23748746514320374,0.35327333211898804,-0.031280625611543655,0.9043335318565369,1
18895,-130.5858917236328,216.04754638671875,-92.69731140136719,-73.17803955078125,169.39340209960938,136.12350463867188,1014.4680006579729,-162.452409421443,439.69429234828567,405.0716857910156,-99.11609649658203,-95.14746856689453,0.7372389435768127,2.5875415802001953,0.0,-46.89529800415039,133.43162536621094,180.11990356445312,0.24612271785736084,0.3376476466655731,-0.03779379650950432,0.9077385663986206,1
18897,-122.34107971191406,214.7030487060547,-88.56013488769531,-67.05610656738281,167.97019958496094,134.78379821777344,984.912528980989,-160.61161964514758,494.2207265768666,394.3062438964844,-68.3377914428711,-73.44625091552734,0.7376733422279358,2.5646002292633057,0.0,-41.913387298583984,132.5347137451172,179.84259033203125,0.24578124284744263,0.31585824489593506,-0.03844451159238815,0.9156129956245422,1
18899,-114.05340576171875,212.41314697265625,-83.98104858398438,-60.43668746948242,166.1370391845703,133.29690551757812,989.9144468489103,-273.5154424966313,546.9452240341343,438.44854736328125,-110.77562713623047,-71.77165222167969,0.7329763174057007,2.5376174449920654,0.0,-36.66731643676758,131.26846313476562,179.3346405029297,0.23538130521774292,0.29581424593925476,-0.04467130824923515,0.9247129559516907,1
18901,-105.47496032714844,210.04454040527344,-79.85774993896484,-54.188350677490234,164.71153259277344,132.47235107421875,1024.1425042608753,-282.777419292368,492.26231399783865,394.6146240234375,-96.20848083496094,-43.209903717041016,0.7222672700881958,2.5095324516296387,0.0,-31.411788940429688,130.08717346191406,179.03758239746094,0.21966874599456787,0.2734265625476837,-0.04834514856338501,0.935225248336792,1
18902,-100.72767639160156,207.82408142089844,-77.8311996459961,-50.986202239990234,163.4582977294922,132.35791015625,567.103218375938,-265.25260620750487,242.08857294963673,415.458740234375,-149.73773193359375,-13.075132369995117,0.7153546214103699,2.498945474624634,0.0,-28.848133087158203,128.93902587890625,179.273193359375,0.2044295221567154,0.25885722041130066,-0.050507232546806335,0.9426826238632202,1
18904,-92.691162109375,205.39524841308594,-74.43986511230469,-44.776859283447266,161.43927001953125,131.93101501464844,959.7238318100572,-290.0522339940071,404.99456099048257,397.26031494140625,-125.43563079833984,-62.082672119140625,0.7118067145347595,2.4750614166259766,0.0,-23.997974395751953,127.22702026367188,179.62112426757812,0.19638963043689728,0.24232713878154755,-0.0568816177546978,0.9484055638313293,1
18906,-84.5174560546875,202.01866149902344,-71.76696014404297,-38.76028060913086,159.1902313232422,131.59487915039062,975.2791206995025,-402.8912581978366,318.92857287969673,391.97601318359375,-144.39427185058594,6.888641357421875,0.6977810263633728,2.457404851913452,0.0,-19.650875091552734,125.37998962402344,180.2445068359375,0.18171526491641998,0.2290884107351303,-0.06283554434776306,0.9542273283004761,1
18908,-77.39453125,198.5655517578125,-69.30208587646484,-33.749393463134766,156.8267364501953,131.61431884765625,850.6226016879082,-412.37178160995245,294.356296017766,313.9202880859375,-150.08099365234375,2.9444079399108887,0.6853407025337219,2.4272143840789795,0.0,-15.827594757080078,123.3893051147461,181.00250244140625,0.16821862757205963,0.212301567196846,-0.069111667573452,0.960132360458374,1
18910,-71.95901489257812,195.6538543701172,-67.69721984863281,-29.677234649658203,154.52635192871094,131.83396911621094,649.1977668483742,-347.7622579957824,191.67920264590066,259.9000244140625,-130.56515502929688,16.154367446899414,0.6759268045425415,2.3832242488861084,0.0,-12.898948669433594,121.44312286376953,181.83816528320312,0.16156621277332306,0.20296645164489746,-0.07128146290779114,0.9631302952766418,1
18912,-68.22650146484375,192.33670043945312,-66.8638687133789,-26.93384552001953,151.6008758544922,131.98428344726562,445.92762681352906,-396.30415501922835,99.56140848278301,172.79196166992188,-163.6935272216797,10.848953247070312,0.6677582263946533,2.339876174926758,0.0,-11.222450256347656,118.9615478515625,182.59347534179688,0.15889760851860046,0.198928564786911,-0.07595992088317871,0.9640586376190186,1
18914,-66.87045288085938,188.35775756835938,-66.26901245117188,-26.075416564941406,148.700927734375,132.223388671875,162.1830568171572,-475.88052917597815,71.14465374691645,56.47406768798828,-172.1096649169922,20.115840911865234,0.6664501428604126,2.2842624187469482,0.0,-10.988128662109375,116.71192932128906,183.38644409179688,0.1529928594827652,0.1972884237766266,-0.07685364782810211,0.965279221534729,1
18916,-68.23312377929688,183.47744750976562,-66.7873306274414,-27.470203399658203,145.67657470703125,133.06378173828125,-162.89499038737267,-583.396960332524,-61.96025352698052,-82.15687561035156,-191.73182678222656,40.135215759277344,0.6678284406661987,2.2211012840270996,0.0,-12.389095306396484,114.25838470458984,184.52548217773438,0.1379096806049347,0.197957381606102,-0.07431660592556,0.9676108956336975,1
18918,-72.56201171875,177.9837646484375,-67.84070587158203,-31.239330291748047,142.00704956054688,133.82638549804688,-517.2870485465974,-656.4759893845767,-125.87467697821558,-231.12911987304688,-234.11253356933594,54.530635833740234,0.6682096123695374,2.184008836746216,0.0,-15.591556549072266,111.25215148925781,185.51490783691406,0.12643197178840637,0.2061648815870285,-0.07189982384443283,0.9676473736763,1
18920,-79.29924011230469,170.84829711914062,-69.6078109741211,-37.25343704223633,137.96066284179688,135.08851623535156,-805.3640734538203,-852.9693309625145,-211.23864005610812,-354.7843322753906,-237.8623046875,87.751220703125,0.6700852513313293,2.2184107303619385,0.0,-20.23535919189453,107.87568664550781,186.7104034423828,0.10394832491874695,0.2115979939699173,-0.06934495270252228,0.9693360328674316,1
18921,-83.84701538085938,168.47573852539062,-71.02957153320312,-41.03013229370117,136.23703002929688,135.79440307617188,-542.7731200209819,-283.1628553122282,-169.685916520888,-420.4812927246094,-206.3359832763672,85.22806549072266,0.6660639047622681,2.2716591358184814,0.0,-23.115528106689453,106.61162567138672,187.27842712402344,0.10314372926950455,0.21989543735980988,-0.06632047891616821,0.9677855968475342,1
18923,-93.64718627929688,163.88929748535156,-74.31835174560547,-48.97505569458008,132.9320526123047,137.51646423339844,-1169.642082374543,-547.3878470440395,-392.51312818634324,-461.7752990722656,-183.00076293945312,103.41116333007812,0.6607922315597534,2.4548795223236084,0.0,-29.900474548339844,103.87248992919922,188.73675537109375,0.0907430425286293,0.2401590347290039,-0.06603966653347015,0.964224100112915,1
18925,-106.11174011230469,159.44300842285156,-78.25076293945312,-57.33852767944336,130.62255859375,139.37643432617188,-1488.4432006434072,-530.9495078474283,-469.58525608165655,-468.50030517578125,-129.47616577148438,118.83487701416016,0.6660744547843933,2.574221134185791,0.0,-37.030643463134766,101.67215728759766,190.09080505371094,0.06605936586856842,0.27150169014930725,-0.052413977682590485,0.9587365388870239,1
18927,-119.49983215332031,156.32566833496094,-82.85279083251953,-65.55593872070312,128.44410705566406,141.80479431152344,-1599.2995843177196,-372.38769284426235,-549.7438525109901,-461.07830810546875,-111.20568084716797,137.60739135742188,0.6641209125518799,2.6079511642456055,0.0,-43.96767044067383,99.43733215332031,192.01809692382812,0.05450352281332016,0.3099905848503113,-0.04714081063866615,0.9480047225952148,1
18929,-131.1669158935547,154.96136474609375,-86.69759368896484,-73.53776550292969,126.60331726074219,143.63719177246094,-1393.879771592794,-162.99490234011319,-459.34297264704946,-421.7375793457031,-119.6072769165039,93.06021881103516,0.6648537516593933,2.6261322498321533,0.0,-50.1670036315918,97.43643188476562,193.07675170898438,0.06642890721559525,0.3350961208343506,-0.04701189324259758,0.9386627078056335,1
18931,-140.09942626953125,155.68121337890625,-90.13383483886719,-80.335693359375,126.06355285644531,145.65609741210938,-1066.8090354324086,85.97146751638502,-410.3900194171001,-361.8440246582031,9.74145221710205,140.78099060058594,0.6722664833068848,2.6137218475341797,0.0,-55.27656173706055,96.5755844116211,194.18832397460938,0.08866851031780243,0.3428199291229248,-0.04217376187443733,0.9342557191848755,1
18933,-146.01734924316406,157.9740447998047,-93.14835357666016,-85.64582824707031,127.39885711669922,147.4971923828125,-706.8802591818385,273.8726536803879,-360.07629639212973,-261.5397644042969,88.80632019042969,114.09687042236328,0.6825224161148071,2.6118690967559814,0.0,-59.3204460144043,97.2947998046875,195.07037353515625,0.09796683490276337,0.34169697761535645,-0.03647148609161377,0.9339783191680908,1
18934,-149.75965881347656,162.03753662109375,-95.26985168457031,-87.59170532226562,128.49713134765625,148.09121704101562,-286.7592640472576,259.0219839401543,-149.7913194685243,-196.40635681152344,129.28895568847656,70.40950012207031,0.6878782510757446,2.5994412899017334,0.0,-60.843502044677734,98.0051040649414,195.2301483154297,0.10540545731782913,0.34227919578552246,-0.03407217934727669,0.9330453872680664,1
18936,-151.45352172851562,165.25526428222656,-96.69290161132812,-90.10317993164062,131.8662567138672,148.9615936279297,-361.07802176475525,608.5666735020932,-272.58068062376697,-99.56759643554688,220.84202575683594,34.614524841308594,0.6991813778877258,2.592494487762451,0.0,-62.8737678527832,100.60382843017578,195.38388061523438,0.11498159170150757,0.34645041823387146,-0.032294586300849915,0.93043452501297,1
18938,-152.78871154785156,172.20767211914062,-98.2136459350586,-91.00444030761719,135.9178924560547,149.16737365722656,-159.11112522426993,828.5005007749423,-181.22317667724565,-2.4694900512695312,248.7268829345703,9.522506713867188,0.7099433541297913,2.580801010131836,0.0,-63.65518569946289,103.72518157958984,194.97117614746094,0.12590663135051727,0.348871111869812,-0.03616458922624588,0.9279701113700867,1
18940,-151.39736938476562,178.94776916503906,-98.7336654663086,-90.32554626464844,140.11671447753906,148.73171997070312,165.81802578642964,803.2744319923222,-61.97513043880463,107.22846984863281,245.09396362304688,-35.23686981201172,0.7166511416435242,2.564723253250122,0.0,-63.150211334228516,107.30693817138672,194.2615509033203,0.1384887397289276,0.34660056233406067,-0.04443645104765892,0.9266684055328369,1
18942,-148.9033966064453,185.18899536132812,-99.10609436035156,-88.75651550292969,145.0367431640625,148.31924438476562,297.2987103718333,743.9970938838087,-44.396085982443765,131.0838165283203,308.8395080566406,-19.492435455322266,0.7187072038650513,2.5568830966949463,0.0,-61.97078323364258,111.74828338623047,193.71359252929688,0.14958037436008453,0.34481823444366455,-0.0503983348608017,0.9253032207489014,1
18944,-145.67726135253906,191.88072204589844,-99.1081314086914,-86.3480224609375,149.59109497070312,147.6219940185547,385.14374637650326,798.8743441250408,-0.24318770522950217,185.62892150878906,261.5291748046875,-43.18463897705078,0.721581220626831,2.5491693019866943,0.0,-59.91798782348633,115.66278076171875,192.78746032714844,0.16941751539707184,0.34099775552749634,-0.056106917560100555,0.9229681491851807,1
18946,-141.5591278076172,197.9655303955078,-99.18106079101562,-83.38497924804688,154.44955444335938,146.6071014404297,492.05038204207085,727.0362265862059,-8.713882161246147,222.81259155273438,295.1798400878906,-60.871429443359375,0.7214841842651367,2.569089412689209,0.0,-57.66806411743164,119.85725402832031,191.7128143310547,0.17627038061618805,0.34446588158607483,-0.0617898665368557,0.92002934217453,1
18948,-137.37220764160156,204.12066650390625,-98.60061645507812,-80.01438903808594,158.9557342529297,145.81333923339844,500.076714793453,735.1561821451178,69.32701965328306,242.22645568847656,252.3989715576172,-62.552738189697266,0.7194018363952637,2.578275203704834,0.0,-55.41465377807617,123.9259033203125,191.12330627441406,0.18760773539543152,0.34615349769592285,-0.07090172916650772,0.9164900779724121,1
18949,-135.1221160888672,206.6771697998047,-97.96208190917969,-78.39021301269531,161.18963623046875,145.239013671875,268.56787341088057,305.14076314494014,76.21461663767695,224.954345703125,265.3802490234375,-67.53901672363281,0.719302773475647,2.5836856365203857,0.0,-54.192745208740234,125.98893737792969,190.5962371826172,0.1898612231016159,0.34398525953292847,-0.07421501725912094,0.9165800213813782,1
18951,-131.8339385986328,212.76953125,-97.23087310791016,-75.95994567871094,165.7639617919922,144.30368041992188,392.5557150642853,727.330356288352,87.29461675841594,169.42288208007812,259.0768737792969,-48.66265106201172,0.7240067720413208,2.583186388015747,0.0,-52.43915939331055,130.21664428710938,189.75962829589844,0.2064468264579773,0.33851367235183716,-0.07964570075273514,0.9145735502243042,1
18953,-129.44468688964844,218.9520263671875,-96.52784729003906,-74.05723571777344,170.45428466796875,143.25946044921875,285.2118916818872,738.0223360545933,83.92222663783468,140.8348846435547,281.70941162109375,-60.02935791015625,0.7338343858718872,2.584744930267334,0.0,-50.805843353271484,134.19580078125,188.5188446044922,0.21656566858291626,0.33415156602859497,-0.08126542717218399,0.9136946797370911,1
18955,-126.57455444335938,225.06053161621094,-96.2449951171875,-72.73100280761719,175.8362579345703,142.8463592529297,342.5932876279112,729.141576187918,33.762642534216866,113.12495422363281,311.7063293457031,-18.20476531982422,0.7385891675949097,2.586406946182251,0.0,-49.76325607299805,139.07899475097656,187.9348907470703,0.22085291147232056,0.32543864846229553,-0.08527613431215286,0.9154461622238159,1
18957,-124.41886901855469,231.2660369873047,-95.861572265625,-72.20945739746094,181.21627807617188,142.36669921875,257.35770964529365,740.8477281145751,45.77515149861574,46.090599060058594,334.61346435546875,-28.454021453857422,0.7402790188789368,2.5791983604431152,0.0,-49.21644973754883,143.98193359375,187.0769805908203,0.23068441450595856,0.31530842185020447,-0.08836141228675842,0.9162737131118774,1
18959,-124.07562255859375,238.69093322753906,-95.62560272216797,-71.96302795410156,187.0620880126953,141.909912109375,40.99716160853859,886.8253765010741,28.1840678237495,45.89506149291992,344.65667724609375,-38.21613693237305,0.7432345151901245,2.569920063018799,0.0,-49.06074905395508,149.39535522460938,186.40289306640625,0.24575060606002808,0.31335294246673584,-0.08906172215938568,0.9129537343978882,1
18961,-123.24079895019531,245.1078338623047,-95.76727294921875,-71.53443908691406,192.81370544433594,141.80799865722656,99.72938413429074,766.5733718094416,-16.924155416549183,65.91685485839844,341.34490966796875,-7.619452476501465,0.7464301586151123,2.5663559436798096,0.0,-48.70707321166992,154.4856719970703,185.9283905029297,0.2485799938440323,0.31010299921035767,-0.08534003794193268,0.9136526584625244,1
18962,-122.34799194335938,248.0665740966797,-95.74658966064453,-71.32078552246094,195.50814819335938,141.80966186523438,106.54727840528358,353.0950329322368,2.4683364816592075,57.434288024902344,318.52679443359375,0.8197542428970337,0.748031735420227,2.565295934677124,0.0,-48.47140884399414,156.8129425048828,185.63973999023438,0.25154364109039307,0.3038442134857178,-0.08469157665967941,0.9150037169456482,1
18964,-121.06828308105469,254.40232849121094,-96.22309875488281,-70.73663330078125,200.8058624267578,142.020751953125,152.68559558945708,755.9363396884874,-56.85361491248477,68.59858703613281,320.7138366699219,9.254462242126465,0.7503286600112915,2.559041976928711,0.0,-48.031925201416016,161.47567749023438,185.4378204345703,0.25363218784332275,0.30016186833381653,-0.08649073541164398,0.9154741764068604,1
18966,-119.93740844726562,259.74884033203125,-96.36972045898438,-70.29177856445312,205.72781372070312,141.7495574951172,135.01727018214297,638.330202283687,-17.505443703266792,57.5989875793457,293.3268737792969,-3.5804474353790283,0.7524289488792419,2.561767578125,0.0,-47.73402786254883,165.70614624023438,184.67018127441406,0.25570937991142273,0.2967086136341095,-0.08918503671884537,0.9157634973526001,1
18968,-119.11932373046875,264.5149841308594,-96.08769989013672,-70.177978515625,209.90000915527344,141.3357391357422,97.6403071146924,568.8503094061743,33.65980856207898,37.40623092651367,235.077880859375,-33.101043701171875,0.7561365962028503,2.56182599067688,0.0,-47.65816116333008,169.05577087402344,183.48361206054688,0.25641679763793945,0.28922513127326965,-0.08875642716884613,0.9179986715316772,1
18970,-118.62242126464844,267.3412170410156,-95.1011734008789,-70.21368408203125,213.17532348632812,140.8343048095703,59.30881906358991,337.3308603395708,117.74890461901668,24.0602970123291,184.9983367919922,-33.95481491088867,0.7602693438529968,2.5687034130096436,0.0,-47.820804595947266,171.707763671875,182.41583251953125,0.24451269209384918,0.28297001123428345,-0.08842576295137405,0.9232130646705627,1
18972,-117.97682189941406,268.06317138671875,-92.96640014648438,-70.61593627929688,215.16400146484375,140.30296325683594,77.09774099290371,86.21608407795429,254.93549763038754,5.0584564208984375,87.56077575683594,-20.77735710144043,0.7647016048431396,2.5832295417785645,0.0,-48.30710983276367,173.23883056640625,181.47628784179688,0.22811132669448853,0.2662659287452698,-0.08679963648319244,0.9324877858161926,1
18974,-117.53196716308594,266.0251770019531,-90.49065399169922,-71.15034484863281,215.51683044433594,139.64759826660156,53.13178774667904,-243.4104354470037,295.6938714341959,2.4453392028808594,-9.328360557556152,-45.381263732910156,0.7628734111785889,2.5940001010894775,0.0,-48.88105392456055,173.46853637695312,180.6980743408203,0.2016424685716629,0.25438955426216125,-0.08472191542387009,0.9420447945594788,1
18976,-116.9259033203125,261.3558044433594,-87.24177551269531,-71.53871154785156,213.2149200439453,138.57327270507812,72.39945207501296,-557.7960454286076,388.1060131582781,23.169403076171875,-192.76541137695312,-69.29598236083984,0.7559922337532043,2.606919288635254,0.0,-49.29776382446289,171.51625061035156,179.92283630371094,0.180784672498703,0.2399197667837143,-0.08522654324769974,0.9499956965446472,1
18977,-116.80496215820312,257.6983337402344,-85.8695297241211,-71.57832336425781,210.98165893554688,138.03036499023438,14.439777948427945,-436.68395346030593,163.8393755449215,27.47776985168457,-265.795654296875,-64.05650329589844,0.7497745156288147,2.6094884872436523,0.0,-49.36411666870117,169.77606201171875,179.76870727539062,0.16743405163288116,0.23774701356887817,-0.08737436681985855,0.9527895450592041,1
18979,-116.334716796875,247.5339813232422,-83.1159896850586,-71.84565734863281,205.2330322265625,137.90379333496094,56.15018853615038,-1213.6861976693617,328.78961718734354,17.080890655517578,-374.6922607421875,8.734450340270996,0.7398295402526855,2.598747491836548,0.0,-49.260318756103516,164.8624725341797,180.22084045410156,0.12630566954612732,0.22234666347503662,-0.08113662898540497,0.9633408784866333,1
18981,-116.16847229003906,233.80799865722656,-80.17372131347656,-72.21536254882812,197.97134399414062,138.25685119628906,19.827468092553318,-1637.0554945189506,350.91524747246876,9.149417877197266,-443.0347595214844,59.7074089050293,0.729574978351593,2.6085777282714844,0.0,-49.19437026977539,159.04995727539062,181.54769897460938,0.06638731062412262,0.20329992473125458,-0.06935592740774155,0.9743980765342712,1
18983,-116.12611389160156,220.15325927734375,-78.52896881103516,-72.51435852050781,189.0451202392578,138.81861877441406,5.051151758059859,-1628.2995431546587,196.1333478303859,24.5894775390625,-540.9583129882812,50.00742721557617,0.7133669257164001,2.6070291996002197,0.0,-49.23019790649414,151.88429260253906,183.3229522705078,0.027966948226094246,0.1928163319826126,-0.06044052913784981,0.9789722561836243,1
18985,-116.11207580566406,204.36622619628906,-77.28265380859375,-72.47804260253906,178.39414978027344,139.06912231445312,1.673946320079267,-1882.4963779718382,148.61459185282,43.031494140625,-668.0269165039062,29.38199234008789,0.6967635750770569,2.618708848953247,0.0,-49.21431350708008,143.26229858398438,185.0591583251953,-0.01533045805990696,0.1897066831588745,-0.05045492202043533,0.9804236888885498,1
18987,-116.27589416503906,187.90798950195312,-77.61625671386719,-71.5758056640625,166.8483123779297,139.8463134765625,-19.533449605107307,-1962.4548694314435,-39.778298129327595,103.8651123046875,-718.2947998046875,37.18954086303711,0.682211697101593,2.6249659061431885,0.0,-48.54587173461914,133.52914428710938,187.1638946533203,-0.059421781450510025,0.19916313886642456,-0.0355953574180603,0.9775152802467346,1
18989,-116.77021789550781,172.96173095703125,-77.88307189941406,-70.45838928222656,155.15899658203125,139.97036743164062,-59.04801277117804,-1785.3621241387445,-31.87163697113283,101.326904296875,-724.3068237304688,-10.692002296447754,0.6687084436416626,2.6460812091827393,0.0,-47.95979690551758,123.77861022949219,188.6174774169922,-0.07763256877660751,0.21833397448062897,-0.02782501094043255,0.9723832607269287,1
18991,-116.6832275390625,158.6162567138672,-78.64056396484375,-69.89349365234375,144.98440551757812,140.56021118164062,10.386770146433264,-1712.8696753759868,-90.44561136281118,59.023231506347656,-607.3263549804688,44.910091400146484,0.6644777059555054,2.672330141067505,0.0,-47.67684555053711,114.69136047363281,189.8567657470703,-0.12850795686244965,0.2257780134677887,-0.023954734206199646,0.965368390083313,1
18992,-116.45481872558594,152.5106964111328,-79.39047241210938,-69.57472229003906,140.46653747558594,141.101806640625,27.27341723011341,-729.0414543359075,-89.54368115379475,70.43702697753906,-541.712890625,65.59339141845703,0.6646448373794556,2.6724350452423096,0.0,-47.33440017700195,110.29224395751953,190.4245147705078,-0.1553092896938324,0.2230086624622345,-0.020064890384674072,0.9621556997299194,1
18994,-116.31668090820312,140.7409210205078,-79.57965087890625,-68.98667907714844,132.20127868652344,141.49244689941406,16.485538407578133,-1404.6195888053626,-22.576792795443907,73.47360229492188,-469.7506103515625,26.862821578979492,0.6657599210739136,2.691071033477783,0.0,-46.62605667114258,102.32450103759766,190.85206604003906,-0.17702051997184753,0.21973052620887756,-0.015179840847849846,0.9592454433441162,1
18996,-116.46548461914062,131.12594604492188,-80.54436492919922,-67.97996520996094,125.14453125,141.93479919433594,-17.755122509784997,-1147.250008380157,-115.10879696445772,112.44326782226562,-419.6447448730469,21.179285049438477,0.666207492351532,2.7005422115325928,0.0,-45.65285873413086,96.14823913574219,191.66427612304688,-0.19463206827640533,0.2314494103193283,-0.015013539232313633,0.9530603885650635,1
18998,-115.03689575195312,122.87459564208984,-80.88439178466797,-66.82148742675781,119.63203430175781,142.12496948242188,170.52799757849425,-984.9483597640065,-40.58837368665263,93.56315612792969,-282.2754211425781,18.619380950927734,0.6674680709838867,2.711897134780884,0.0,-44.75479507446289,91.2760238647461,192.24913024902344,-0.21945714950561523,0.22652681171894073,-0.016468187794089317,0.9488165974617004,1
19000,-113.98924255371094,118.89500427246094,-82.29975128173828,-65.79093933105469,117.10031127929688,142.86280822753906,125.14771045383532,-475.3832177351578,-169.07217085256707,92.73133850097656,-124.72749328613281,47.17465591430664,0.6721552014350891,2.7214243412017822,0.0,-43.87644577026367,89.08307647705078,193.22772216796875,-0.2380661815404892,0.23068824410438538,-0.016218796372413635,0.9433156251907349,1
19002,-112.6380615234375,116.9709701538086,-82.55319213867188,-64.70280456542969,116.06117248535156,143.1776580810547,161.40356965886895,-229.83298902079696,-30.274447383417282,96.92488098144531,-35.32106399536133,12.352303504943848,0.6712809205055237,2.718876600265503,0.0,-42.8375129699707,88.2325210571289,193.71275329589844,-0.24370621144771576,0.2244521826505661,-0.014698109589517117,0.9434047341346741,1
19003,-112.07658386230469,117.22771453857422,-82.49031829833984,-64.13224792480469,116.30274963378906,143.15159606933594,67.07681535393931,30.67191605689004,7.51121063309256,100.45451354980469,29.160118103027344,-2.4933080673217773,0.673435389995575,2.711700439453125,0.0,-42.24187088012695,88.52781677246094,193.74607849121094,-0.24086306989192963,0.22517871856689453,-0.014642030000686646,0.9439624547958374,1
19005,-110.2528076171875,120.06954193115234,-82.69803619384766,-62.5705680847168,118.16272735595703,143.57101440429688,217.77299555868376,339.33617997239344,-24.803123989026062,127.9012451171875,130.03228759765625,19.347640991210938,0.6822257041931152,2.693298101425171,0.0,-40.58808517456055,90.38302612304688,194.2207489013672,-0.22582289576530457,0.2259409874677658,-0.017091184854507446,0.947450578212738,1
19007,-108.36988830566406,125.8204116821289,-82.9266586303711,-61.03535079956055,121.59069061279297,144.29144287109375,224.78443935024552,686.5435097713489,-27.293132479069754,120.65756225585938,224.47642517089844,48.62831115722656,0.6846199631690979,2.668783664703369,0.0,-38.98149490356445,93.51496887207031,194.8976287841797,-0.1972445398569107,0.22628627717494965,-0.019500797614455223,0.9536817073822021,1
19009,-106.06431579589844,132.11758422851562,-82.05046081542969,-59.68019485473633,126.37420654296875,144.93862915039062,275.2776391203515,751.8613205008442,104.61508578795474,102.58062744140625,297.5861511230469,25.71337890625,0.6896745562553406,2.6391055583953857,0.0,-37.58189010620117,97.98330688476562,195.4504852294922,-0.17411281168460846,0.21510767936706543,-0.023130148649215698,0.9606655836105347,1
19011,-104.04373168945312,140.2122344970703,-81.16056823730469,-58.08646774291992,131.9414825439453,145.19691467285156,241.20937050774228,966.3074600707041,106.23187023214996,129.408935546875,337.05706787109375,-2.600280523300171,0.6910797357559204,2.6273648738861084,0.0,-36.19023513793945,103.52393341064453,195.8628387451172,-0.14062897861003876,0.21656003594398499,-0.02756870537996292,0.9656941294670105,1
19013,-102.15019226074219,149.14161682128906,-80.7903060913086,-56.244319915771484,138.40003967285156,144.96128845214844,226.02228652336635,1065.8554976778105,44.19633179123048,146.44679260253906,384.0583801269531,-6.749916076660156,0.701024055480957,2.631244421005249,0.0,-34.57240676879883,109.66893768310547,195.61557006835938,-0.11669739335775375,0.21991169452667236,-0.02693004161119461,0.9681401252746582,1
19015,-100.23309326171875,158.0311737060547,-80.7153549194336,-54.361759185791016,144.76576232910156,144.9374237060547,228.8830480017932,1061.326971745817,8.948443809524179,141.22824096679688,378.818359375,-6.089313983917236,0.7064219117164612,2.6267879009246826,0.0,-33.01314163208008,115.55229949951172,195.49075317382812,-0.09720531851053238,0.22273486852645874,-0.03268592432141304,0.9694699048995972,1
19017,-98.65812683105469,167.5761260986328,-80.46639251708984,-52.88612747192383,152.17813110351562,144.6436004638672,188.08313713222742,1139.8621296435595,29.73119220137596,118.59817504882812,448.8332824707031,-34.32401657104492,0.7062035799026489,2.6100034713745117,0.0,-31.686370849609375,122.27455139160156,194.96749877929688,-0.07568001002073288,0.22216671705245972,-0.0372299961745739,0.9713538885116577,1
19018,-97.85917663574219,172.24774169921875,-80.42950439453125,-52.0941047668457,155.94773864746094,144.41566467285156,95.41729324962944,557.9232827351661,4.405487135809381,127.1636962890625,452.2515563964844,-26.706871032714844,0.7070422768592834,2.605674982070923,0.0,-31.10531997680664,125.88224792480469,194.725341796875,-0.07043977081775665,0.22329086065292358,-0.04125480353832245,0.9713276624679565,1
19020,-96.69059753417969,182.680419921875,-80.20021057128906,-50.89353561401367,163.88580322265625,144.0131378173828,139.53368692472577,1245.7094731200486,27.37873071944341,99.30799865722656,475.78045654296875,-22.28530502319336,0.7124924659729004,2.5936551094055176,0.0,-30.363365173339844,132.9527587890625,194.098876953125,-0.05443735420703888,0.22492949664592743,-0.04893701896071434,0.971621572971344,1
19022,-95.9791259765625,195.4850311279297,-80.21147918701172,-50.159542083740234,172.46804809570312,143.35574340820312,85.00370377616491,1529.8424318939215,-1.3463279910502024,81.93328094482422,508.3993835449219,-51.51700210571289,0.7207948565483093,2.578049421310425,0.0,-29.84298324584961,140.37222290039062,192.9087371826172,-0.015443840995430946,0.224371075630188,-0.04973176121711731,0.9731114506721497,1
19024,-95.32395935058594,208.944091796875,-80.10147857666016,-49.31145095825195,181.054931640625,141.97203063964844,78.2298902575858,1607.0733724148013,13.134575747419149,80.14839935302734,508.74566650390625,-78.41513061523438,0.7270714044570923,2.5581440925598145,0.0,-29.125308990478516,148.090087890625,191.05184936523438,0.03328559547662735,0.22795549035072327,-0.05200633779168129,0.9717117547988892,1
19026,-95.38229370117188,223.50184631347656,-80.86882019042969,-48.24910354614258,189.16212463378906,140.49583435058594,-6.958095008390956,1736.4423880252289,-91.52816134697059,92.62646484375,488.966796875,-91.77565002441406,0.7318180799484253,2.5486719608306885,0.0,-28.301902770996094,155.1070098876953,189.0030059814453,0.09540639817714691,0.24266237020492554,-0.054151490330696106,0.9638880491256714,1
19028,-94.49224853515625,236.77603149414062,-81.67084503173828,-47.23190689086914,197.4642791748047,139.89569091796875,106.07140699634328,1581.955110375071,-95.58155766909476,91.18870544433594,520.885986328125,-16.071285247802734,0.7339346408843994,2.5394277572631836,0.0,-27.338932037353516,161.85755920410156,187.44078063964844,0.13988254964351654,0.23859165608882904,-0.04945331811904907,0.9597193598747253,1
19030,-93.14183044433594,250.6205291748047,-84.14903259277344,-46.06631851196289,205.5482635498047,139.4719696044922,160.9897889684653,1650.4686771713896,-295.4365727083641,98.33802795410156,498.235595703125,-15.594622611999512,0.732968807220459,2.521681308746338,0.0,-26.166969299316406,168.4744415283203,185.87835693359375,0.1944277584552765,0.23727431893348694,-0.047212712466716766,0.950615406036377,1
19031,-92.24131774902344,256.3615417480469,-85.18212127685547,-45.441104888916016,209.5345001220703,139.59373474121094,107.2705793492496,683.879025791306,-123.06325300852768,106.49467468261719,473.96673583984375,15.090797424316406,0.731640636920929,2.513216018676758,0.0,-25.53976821899414,171.8784637451172,185.49737548828125,0.2061203271150589,0.23497796058654785,-0.04917019605636597,0.9486211538314819,1
19033,-91.01457214355469,266.4415283203125,-86.77610778808594,-44.28207015991211,217.02047729492188,139.43800354003906,146.24813882354647,1201.6992512452416,-190.02926078403834,107.00444030761719,437.30938720703125,-7.114245414733887,0.7319315671920776,2.514224052429199,0.0,-24.387104034423828,178.20338439941406,184.34153747558594,0.22581738233566284,0.23436328768730164,-0.047608137130737305,0.9443589448928833,1
19035,-89.68949890136719,274.0224304199219,-88.67915344238281,-42.824459075927734,222.5138397216797,139.55931091308594,158.10652571264654,904.5462956887204,-227.06966459960677,122.3297119140625,308.7294616699219,16.800004959106445,0.7374401688575745,2.5211596488952637,0.0,-23.03915023803711,182.4331817626953,183.44032287597656,0.2369939684867859,0.23663954436779022,-0.04872884601354599,0.9409894347190857,1
19037,-89.06172180175781,280.26776123046875,-90.30225372314453,-41.98585891723633,227.55934143066406,139.62420654296875,74.97437507403083,745.8694733253215,-193.84416747331852,85.2198486328125,286.3611755371094,10.975715637207031,0.7473052144050598,2.531139373779297,0.0,-22.164779663085938,186.3237762451172,182.36105346679688,0.24457412958145142,0.23901024460792542,-0.04721210151910782,0.9385247230529785,1
19039,-88.19070434570312,284.04644775390625,-91.33136749267578,-41.31583023071289,231.09429931640625,139.98910522460938,104.02140189951751,451.2702550040558,-122.90207994868979,60.807159423828125,188.87303161621094,31.042076110839844,0.753509521484375,2.54046893119812,0.0,-21.413986206054688,189.0277557373047,181.85755920410156,0.24192403256893158,0.2384495884180069,-0.047222800552845,0.9393532872200012,1
19041,-87.60324096679688,285.1816101074219,-91.44099426269531,-41.04591751098633,232.9268341064453,140.34922790527344,70.15977444825694,135.57055221567862,-13.092542844766285,38.862770080566406,79.56624603271484,11.269986152648926,0.7573911547660828,2.5504655838012695,0.0,-20.947425842285156,190.31007385253906,181.52447509765625,0.22852329909801483,0.23605434596538544,-0.04693514108657837,0.9433199763298035,1
19043,-87.31159973144531,282.33685302734375,-89.88574981689453,-41.307003021240234,232.81002807617188,140.44476318359375,34.83438860310707,-339.7851935767103,185.76244656398194,4.2131195068359375,-36.72216796875,-0.6768260598182678,0.7587780356407166,2.5662896633148193,0.0,-20.797607421875,189.8883056640625,181.1549835205078,0.19625379145145416,0.2241719365119934,-0.0417022779583931,0.9536730647087097,1
19045,-87.062255859375,276.7840576171875,-87.22476959228516,-42.089717864990234,230.66342163085938,140.1610107421875,29.78267517266795,-663.2491130735725,317.8386098379269,-18.657108306884766,-168.4136962890625,-18.304901123046875,0.7545296549797058,2.584934711456299,0.0,-20.983318328857422,187.83119201660156,180.72039794921875,0.16276174783706665,0.20696528255939484,-0.039494894444942474,0.9639056921005249,1
19046,-87.11276245117188,273.0038757324219,-85.94331359863281,-42.351749420166016,228.74696350097656,140.03343200683594,-6.0320781846530735,-451.4728052294813,153.0462157294387,0.6277351379394531,-230.63609313964844,-14.751641273498535,0.7507200837135315,2.5916614532470703,0.0,-20.894222259521484,186.16978454589844,180.65203857421875,0.14472806453704834,0.20258471369743347,-0.037633977830410004,0.9677793383598328,1
19048,-86.80966186523438,261.8494567871094,-82.38451385498047,-42.59879684448242,223.70362854003906,139.92051696777344,36.1848732335493,-1331.6412249142304,424.8580291896942,25.204357147216797,-312.360107421875,-7.468575477600098,0.7408291697502136,2.6070549488067627,0.0,-20.492237091064453,181.8274688720703,180.83840942382812,0.08567213267087936,0.18703007698059082,-0.025588519871234894,0.9782766699790955,1
19050,-85.84288024902344,248.28543090820312,-78.78400421142578,-42.36037063598633,217.0553741455078,139.65000915527344,115.468784380937,-1620.0365762924775,430.03142045927234,62.93254089355469,-415.0224304199219,-7.539361953735352,0.724102258682251,2.6057395935058594,0.0,-19.70474624633789,176.26666259765625,181.31944274902344,0.017750494182109833,0.16842058300971985,-0.012613778933882713,0.9854746460914612,1
19052,-84.19511413574219,235.2491455078125,-76.13966369628906,-41.24674606323242,209.75955200195312,139.48068237304688,196.8631075755693,-1557.4805395484436,315.9265669453307,115.018798828125,-429.5169982910156,-9.60546588897705,0.7074663639068604,2.572977066040039,0.0,-18.196754455566406,170.6499481201172,182.5408935546875,-0.028752153739333153,0.15751925110816956,-0.0034017395228147507,0.9870914220809937,1
19054,-81.15733337402344,224.21229553222656,-74.51457977294922,-38.4524040222168,202.62734985351562,139.19029235839844,362.9030442899093,-1318.4975380662363,194.13774372346234,233.37286376953125,-425.077392578125,-10.374897003173828,0.6935452818870544,2.5111374855041504,0.0,-15.585674285888672,165.05859375,183.77688598632812,-0.0612139031291008,0.15517504513263702,-0.0010175368515774608,0.9859880805015564,1
19056,-75.61735534667969,216.0534210205078,-72.42459869384766,-34.09858322143555,196.1696319580078,138.65890502929688,661.6040312200785,-974.3620354682207,249.59303092584014,308.0124206542969,-348.2154846191406,-28.52344512939453,0.6827673316001892,2.419011354446411,0.0,-12.158191680908203,159.93453979492188,184.69424438476562,-0.076335109770298,0.14757806062698364,-0.004429034888744354,0.9860903024673462,1
19058,-66.940185546875,210.32040405273438,-69.02645111083984,-27.977252960205078,191.479248046875,137.82762145996094,1036.5337837814586,-684.8391707424307,405.92668500531,405.5649108886719,-201.05519104003906,-9.562484741210938,0.6923445463180542,2.3130831718444824,0.0,-7.519962310791016,156.2846221923828,185.21067810058594,-0.08000215142965317,0.12946921586990356,-0.010813001543283463,0.9882916808128357,1
19060,-56.20522689819336,206.97811889648438,-65.43070983886719,-20.300689697265625,187.6294708251953,136.87060546875,1281.7521134031995,-399.0682407654822,429.3308549603098,516.9086303710938,-170.2379913330078,-50.21706771850586,0.6978837251663208,2.185574531555176,0.0,-1.8816299438476562,153.6047821044922,185.74159240722656,-0.06945130974054337,0.11262788623571396,-0.02082488127052784,0.9909883141517639,1
19062,-44.056270599365234,205.11903381347656,-62.72746658325195,-11.934982299804688,185.02943420410156,135.6971893310547,1450.5061513683759,-221.96263468987308,322.7496152318199,531.3085327148438,-127.21260070800781,-64.24787902832031,0.7073749899864197,2.126254081726074,0.0,4.659357070922852,151.8793182373047,185.61058044433594,-0.057139404118061066,0.08908382058143616,-0.028140239417552948,0.9939855337142944,1
19063,-37.40849685668945,205.12890625,-61.87038803100586,-7.421333312988281,184.33914184570312,135.14796447753906,794.1222506334889,1.1793303765589371,102.38392208056757,574.2468872070312,-82.63580322265625,-65.33377838134766,0.7068122625350952,2.134418487548828,0.0,8.177745819091797,151.38661193847656,185.46432495117188,-0.04677246883511543,0.07867973297834396,-0.032305359840393066,0.9952779412269592,1
19065,-24.08401870727539,205.1566925048828,-60.75352478027344,1.8891582489013672,184.13380432128906,135.0181121826172,1591.8483798273373,3.319567514816299,133.42938734492054,593.8953857421875,12.605600357055664,11.09955883026123,0.703162670135498,2.152196168899536,0.0,15.229585647583008,151.1783447265625,185.84884643554688,-0.046723250299692154,0.055132027715444565,-0.04264937713742256,0.9964730143547058,1
19067,-11.4610595703125,205.35829162597656,-60.002220153808594,11.135662078857422,185.03404235839844,135.2183380126953,1506.8391666471725,24.06547057069838,89.68540775240399,578.139892578125,67.28901672363281,37.424198150634766,0.70517498254776,2.2029917240142822,0.0,21.438701629638672,152.08877563476562,186.74929809570312,-0.06758192181587219,0.03851058706641197,-0.053439151495695114,0.9955369830131531,1
19069,-0.9548263549804688,205.0811767578125,-60.04252243041992,17.955036163330078,185.98968505859375,136.19857788085938,1253.826898903062,-33.07123196951579,-4.809723662765464,396.14520263671875,75.1912841796875,73.42453002929688,0.7220152616500854,2.2080631256103516,0.0,26.20968246459961,153.11228942871094,188.30462646484375,-0.08522558957338333,0.015930861234664917,-0.061564233154058456,0.9943302273750305,1
19071,4.399564743041992,204.6750946044922,-61.50849533081055,21.440811157226562,187.01617431640625,138.5096893310547,639.6612507970713,-48.51252240710892,-175.13215637998655,178.17247009277344,75.75763702392578,164.875,0.7369393706321716,2.1956682205200195,0.0,28.235530853271484,153.82513427734375,190.62794494628906,-0.10236380994319916,0.005284518003463745,-0.065073162317276,0.9926022291183472,1
19073,4.031038284301758,203.36175537109375,-62.97964096069336,20.755245208740234,187.47799682617188,140.2271728515625,-43.95650564591051,-156.6503627045313,-175.4729400080396,-107.01008605957031,5.6176018714904785,110.6480484008789,0.734714150428772,2.239933490753174,0.0,26.664976119995117,153.98377990722656,192.34791564941406,-0.12516361474990845,0.004907637368887663,-0.07107239961624146,0.9895750284194946,1
19075,-2.5256118774414062,201.91143798828125,-65.49356842041016,15.794965744018555,187.6865234375,142.4892578125,-781.090864433645,-172.77567512355745,-299.4830781259225,-326.145263671875,20.5289363861084,139.52392578125,0.724720299243927,2.231050968170166,0.0,21.700746536254883,153.86451721191406,194.5212860107422,-0.1528337001800537,0.017929524183273315,-0.06952701508998871,0.9856401085853577,1
19076,-7.416942596435547,199.94601440429688,-66.56478881835938,11.796470642089844,187.09616088867188,143.5997314453125,-583.3043241379783,-234.38204062730074,-127.74590926803648,-448.6802978515625,-70.73944091796875,134.17364501953125,0.7190635204315186,2.2420308589935303,0.0,18.02651596069336,153.31002807617188,195.638916015625,-0.1655225157737732,0.021521687507629395,-0.07250675559043884,0.9833015203475952,1
19078,-21.38672637939453,198.8114013671875,-71.19744873046875,1.3331165313720703,185.72972106933594,146.02003479003906,-1665.890001515363,-135.30205932143144,-552.4424678224605,-638.3763427734375,-112.90103149414062,179.675048828125,0.7024942636489868,2.2969276905059814,0.0,9.24713134765625,151.7120361328125,197.7518768310547,-0.17410069704055786,0.04392543062567711,-0.07053779810667038,0.9812155365943909,1
19080,-37.99077224731445,195.67051696777344,-77.12610626220703,-11.262825012207031,183.1830291748047,149.5907440185547,-1978.6873940732912,-374.2960250049364,-706.5121365686646,-762.2394409179688,-163.00833129882812,261.3905029296875,0.6851474046707153,2.3066654205322266,0.0,-1.0456504821777344,148.97943115234375,200.92440795898438,-0.1880132108926773,0.0670149028301239,-0.05843465030193329,0.9781336188316345,1
19082,-59.170902252197266,191.9796142578125,-83.78315734863281,-26.376522064208984,179.73614501953125,153.0836181640625,-2528.7693941106554,-440.66971295443363,-794.8084850519663,-916.3279418945312,-226.96737670898438,212.825439453125,0.6803380846977234,2.2936511039733887,0.0,-13.126243591308594,145.18690490722656,203.44790649414062,-0.1921868920326233,0.11394847184419632,-0.041457463055849075,0.9738383889198303,1
19084,-80.0087890625,185.51319885253906,-90.65531158447266,-43.0112190246582,175.70855712890625,156.2826690673828,-2488.204923132347,-772.1400347786257,-820.5883906465606,-978.8204956054688,-283.1607666015625,214.0335235595703,0.6777464747428894,2.2871813774108887,0.033510420471429825,-27.148147583007812,141.73606872558594,206.28475952148438,-0.22047439217567444,0.15504100918769836,-0.028764652088284492,0.9625621438026428,1
19086,-102.01266479492188,178.6253204345703,-97.36054992675781,-59.41293716430664,171.24276733398438,158.85031127929688,-2628.8629924335983,-822.9136034748517,-801.093095954333,-942.5375366210938,-270.3683776855469,163.70884704589844,0.671636700630188,2.3787500858306885,0.03536272794008255,-40.84079360961914,137.84323120117188,207.96388244628906,-0.2302256077528,0.20534217357635498,-0.005427300930023193,0.9512104392051697,1
19088,-122.35737609863281,172.30252075195312,-102.66718292236328,-74.39060974121094,166.1690673828125,161.29786682128906,-2428.41382556234,-754.7108403906459,-633.4177340409369,-830.9700317382812,-325.6496887207031,167.9838409423828,0.6528961062431335,2.6271095275878906,0.0009395870147272944,-52.89797592163086,133.2184600830078,209.32249450683594,-0.2109106332063675,0.2524738609790802,0.019501976668834686,0.9441362619400024,1
19089,-131.6162109375,168.93704223632812,-105.57453155517578,-81.84088134765625,163.8880615234375,162.78207397460938,-1105.459190258989,-401.8215271644294,-347.12307988666,-859.8370971679688,-272.8498229980469,178.32884216308594,0.6446295380592346,2.708073616027832,0.02501092292368412,-59.01621627807617,131.10955810546875,210.32542419433594,-0.22102651000022888,0.2683301568031311,0.02660861425101757,0.9372503161430359,1
19091,-148.0305633544922,162.8173828125,-109.98461151123047,-95.9136962890625,159.77879333496094,166.9276123046875,-1959.766630642349,-730.6474251947366,-526.5347859470639,-785.7498168945312,-256.064208984375,251.22763061523438,0.6471607685089111,2.734795093536377,0.02411564253270626,-70.84469604492188,127.75381469726562,213.60804748535156,-0.22561903297901154,0.2747243642807007,0.047247838228940964,0.933482825756073,1
19093,-160.34967041015625,157.49241638183594,-112.76038360595703,-105.71609497070312,154.9983673095703,168.53297424316406,-1471.0357091354672,-635.8590548860375,-331.4574549368117,-491.2532958984375,-236.7633514404297,91.73001861572266,0.6717817783355713,2.739692211151123,0.0,-78.75662231445312,123.91324615478516,214.70120239257812,-0.21571294963359833,0.2866240441799164,0.05415624380111694,0.9318699836730957,1
19095,-169.19090270996094,154.63153076171875,-115.01721954345703,-112.36508178710938,153.3675079345703,170.4442138671875,-1055.3195093969116,-341.4850223005051,-269.3836010172963,-313.0124816894531,-38.57164001464844,89.14653778076172,0.6849169731140137,2.754709005355835,0.0,-84.00189208984375,122.64390563964844,216.04429626464844,-0.2146412879228592,0.29704681038856506,0.061583805829286575,0.9283855557441711,1
19097,-172.60177612304688,153.7010955810547,-115.6726303100586,-114.67796325683594,152.6649932861328,170.9410858154297,-407.4901287339162,-111.15720392693765,-78.30059498292394,-39.638065338134766,-20.938159942626953,14.532114028930664,0.6853828430175781,2.746114730834961,0.0,-85.386962890625,122.01290893554688,216.04525756835938,-0.20982642471790314,0.2988969385623932,0.05974026396870613,0.9290127158164978,1
19099,-170.201171875,155.8152313232422,-113.57784271240234,-112.63998413085938,154.0696563720703,169.15821838378906,286.6659423443489,252.45756991021335,250.14712907467037,215.16590881347656,143.53330993652344,-133.1282196044922,0.6878843903541565,2.7326934337615967,0.0,-83.06806945800781,122.97134399414062,213.74639892578125,-0.18764841556549072,0.2880209982395172,0.07605867087841034,0.9359738826751709,1
19101,-158.82693481445312,158.9220428466797,-106.58482360839844,-105.48370361328125,157.2928009033203,165.37191772460938,1358.7848326689564,371.14475050382316,835.3974198448705,562.0667114257812,184.80628967285156,-264.52655029296875,0.6851556301116943,2.685654640197754,0.0,-76.06684875488281,126.50762939453125,210.0494384765625,-0.17829596996307373,0.23885488510131836,0.08895131945610046,0.9503928422927856,1
19102,-140.16810607910156,163.65455627441406,-97.76696014404297,-98.94802856445312,158.63638305664062,162.96925354003906,1152.2137780673802,218.8710989896208,503.1805470236577,808.49755859375,159.84925842285156,-284.7614440917969,0.6770368814468384,2.675321340560913,0.0,-70.55166625976562,127.88528442382812,208.36056518554688,-0.18352578580379486,0.21740031242370605,0.0729365348815918,0.955895185470581,1
19104,-129.81932067871094,166.56430053710938,-92.99799346923828,-83.07334899902344,161.58828735351562,156.6511688232422,2312.2228124509566,693.800394075457,1119.4962027980946,1040.60693359375,137.1294708251953,-409.393310546875,0.6621403098106384,2.6278164386749268,0.0,-57.519290924072266,130.55926513671875,203.60813903808594,-0.1647871434688568,0.19799356162548065,0.03644725680351257,0.9655647873878479,1
19106,-106.59135437011719,171.8921661376953,-83.01229095458984,-64.3302001953125,165.19293212890625,149.4207000732422,2772.9735161615536,636.0449301421177,1192.101290552644,1129.0181884765625,245.24954223632812,-427.7105407714844,0.6529650092124939,2.531285524368286,0.0,-41.9249382019043,134.05923461914062,197.8489990234375,-0.1552848219871521,0.16326886415481567,0.008055038750171661,0.9742510318756104,1
19108,-76.62168884277344,178.24087524414062,-71.36238861083984,-42.60110092163086,167.9879150390625,142.18397521972656,3578.704851119779,758.1050931934733,1391.1253695711493,1373.231201171875,188.4457244873047,-400.3821105957031,0.6024959683418274,2.2559497356414795,0.0,-24.686908721923828,137.24313354492188,192.45330810546875,-0.13367298245429993,0.11079801619052887,-0.03352862969040871,0.9842414259910583,1
19110,-46.317203521728516,182.0463104248047,-62.08795166015625,-19.823501586914062,168.9859161376953,134.83926391601562,3618.157913405972,454.3441430206876,1107.3072876838269,1395.4364013671875,32.5216178894043,-446.07354736328125,0.5759620070457458,2.0536091327667236,0.0,-6.056560516357422,138.580322265625,186.3986358642578,-0.11842061579227448,0.05819159373641014,-0.05798763409256935,0.9895593523979187,1
19112,-14.92782211303711,184.1217041015625,-54.285011291503906,2.5927906036376953,170.91436767578125,127.36096954345703,3747.936013295548,247.80490579316393,931.6819862264674,1318.239501953125,105.84656524658203,-460.8611755371094,0.5768846273422241,1.9689524173736572,0.0,12.215091705322266,140.77841186523438,180.04464721679688,-0.1584305614233017,-0.021657586097717285,-0.09079252928495407,0.9829483032226562,1
19114,13.186790466308594,182.922607421875,-46.16876983642578,23.348024368286133,170.92037963867188,120.4391860961914,3358.305401626858,-143.23273511603475,969.4893515808508,1240.441162109375,-8.00914192199707,-360.85345458984375,0.6311348080635071,1.9310740232467651,0.0,29.716920852661133,141.6821746826172,174.28282165527344,-0.1878737509250641,-0.06584939360618591,-0.12245608121156693,0.9723023176193237,1
19115,25.688312530517578,181.7034149169922,-43.82286834716797,33.055545806884766,171.00680541992188,118.17817687988281,1493.3134489512304,-145.63319210661575,280.219178579282,1191.0272216796875,10.577066421508789,-269.2854309082031,0.6564409136772156,1.985376000404358,0.03134956583380699,38.0571403503418,141.8504638671875,172.319091796875,-0.2057591676712036,-0.08187814801931381,-0.1338949203491211,0.965935468673706,1
19117,44.18861770629883,180.68362426757812,-40.27628707885742,49.31574249267578,170.45022583007812,115.90819549560547,2208.61070095608,-121.74504796706606,423.3993583660049,942.4431762695312,-5.936817646026611,-130.265625,0.7020659446716309,2.0847244262695312,0.006377640645951033,51.15357971191406,140.8707733154297,170.31533813476562,-0.2021859586238861,-0.08027028292417526,-0.13585828244686127,0.9665505886077881,1
19119,57.649818420410156,179.77793884277344,-38.1170539855957,60.3851318359375,170.14491271972656,114.00145721435547,1605.007865259773,-107.98681790241972,257.44999805116095,603.7335815429688,-31.648611068725586,-92.94739532470703,0.731777012348175,2.1305527687072754,0.0,60.328025817871094,140.0759735107422,168.3061981201172,-0.201584592461586,-0.09214150905609131,-0.14093825221061707,0.9648885726928711,1
19121,64.95488739013672,178.82101440429688,-37.052223205566406,67.408935546875,170.1112823486328,113.12227630615234,870.3764069220051,-114.01459149923176,126.87129883957095,386.5554504394531,-17.19314956665039,-47.48875045776367,0.7460336089134216,2.1720643043518066,0.0,66.11592102050781,139.61802673339844,167.21875,-0.21339929103851318,-0.09220704436302185,-0.1423262506723404,0.9621340036392212,1
19123,68.24684143066406,178.75607299804688,-36.76931381225586,70.88706970214844,169.72413635253906,112.92615509033203,392.40796907275217,-7.7411546520888805,33.7234053373395,191.09120178222656,-38.383731842041016,-4.8295722007751465,0.7528420686721802,2.2139410972595215,0.0,68.8644790649414,138.76882934570312,166.8247528076172,-0.2122170776128769,-0.0885283350944519,-0.14719972014427185,0.9620077610015869,1
19125,68.30279541015625,178.93002319335938,-37.13175964355469,71.8441162109375,169.7670135498047,113.31682586669922,6.672662321478128,20.744027942419052,-43.222638747654855,53.834693908691406,5.37830114364624,16.532278060913086,0.750812828540802,2.2195351123809814,0.0,69.69236755371094,138.6387176513672,167.13128662109375,-0.21243655681610107,-0.07565644383430481,-0.14876505732536316,0.962816596031189,1
19127,66.82119750976562,180.32798767089844,-37.983726501464844,70.98109436035156,170.4473419189453,114.10974884033203,-176.5441705423873,166.5785832105903,-101.51862541091396,-40.09174728393555,43.593162536621094,53.99837875366211,0.746738076210022,2.2025604248046875,0.0,68.88241577148438,139.0333709716797,167.74269104003906,-0.20616646111011505,-0.07042926549911499,-0.1489330381155014,0.964548647403717,1
19129,64.35096740722656,181.56369018554688,-38.96617889404297,69.43964385986328,171.3452911376953,115.16032409667969,-294.9137218957767,147.52699652407318,-117.29218722693622,-69.65565490722656,59.49512481689453,61.59910202026367,0.748988151550293,2.2031471729278564,0.0,67.52383422851562,139.62501525878906,168.61097717285156,-0.2049245983362198,-0.06217845901846886,-0.14772552251815796,0.9655656218528748,1
19130,63.291629791259766,182.7216033935547,-39.43132781982422,68.35783386230469,171.9163360595703,115.65789794921875,-126.50317851928412,138.274804042303,-55.54680274659768,-97.53227233886719,68.73987579345703,60.2906608581543,0.7498471140861511,2.2003469467163086,0.0,66.6298828125,140.06546020507812,169.03074645996094,-0.19724446535110474,-0.06231960281729698,-0.14754481613636017,0.9671822190284729,1
19132,61.35261535644531,184.5582733154297,-40.0329704284668,66.3713607788086,173.3841094970703,116.42998504638672,-231.54562049434753,219.32424486801028,-71.84459725144552,-82.82673645019531,89.46186065673828,40.19347381591797,0.7514038681983948,2.1976141929626465,0.0,64.9738540649414,141.34616088867188,169.71737670898438,-0.19052188098430634,-0.06383341550827026,-0.14595550298690796,0.9686710834503174,1
19134,59.656288146972656,185.97486877441406,-40.47214889526367,64.86569213867188,174.63424682617188,116.93019104003906,-202.53578988357913,169.13675535516813,-52.436438663396984,-51.28023910522461,67.29397583007812,25.540931701660156,0.7546892166137695,2.1985132694244385,0.0,63.704620361328125,142.3638916015625,170.1075439453125,-0.19064371287822723,-0.0625309869647026,-0.14778566360473633,0.9684545397758484,1
19136,58.16968536376953,187.2187042236328,-40.511993408203125,63.764366149902344,175.7225341796875,117.04778289794922,-177.5637076359708,148.5669450829737,-4.759132383187534,-31.263450622558594,61.060157775878906,1.2565076351165771,0.7570896744728088,2.2045977115631104,0.0,62.764801025390625,143.1571044921875,170.07127380371094,-0.1913820505142212,-0.05740979313850403,-0.1510891616344452,0.968116283416748,1
19138,56.970436096191406,188.54995727539062,-40.15943145751953,62.70918273925781,176.55270385742188,116.7817153930664,-143.2946966495365,159.06743274535984,42.126569629181176,-27.200237274169922,42.912925720214844,-22.514734268188477,0.7583178281784058,2.204741954803467,0.0,61.775108337402344,143.84117126464844,169.71531677246094,-0.1865374892950058,-0.0546225868165493,-0.15399052202701569,0.9687657356262207,1
19140,55.896568298339844,189.45790100097656,-39.57966613769531,61.78693389892578,177.1132354736328,116.26652526855469,-128.32516998890787,108.49755729641765,69.28085875092074,-23.358699798583984,28.516326904296875,-36.45370864868164,0.7598649263381958,2.2037408351898193,0.0,60.86436462402344,144.32833862304688,169.14974975585938,-0.18342195451259613,-0.05162912234663963,-0.15726052224636078,0.968999445438385,1
19142,54.67555618286133,189.86236572265625,-38.8584098815918,60.8607063293457,177.4625244140625,115.61865997314453,-145.80216041958192,48.29749802383594,86.12586150696734,-21.23912811279297,19.900386810302734,-34.92985916137695,0.7606858015060425,2.199432134628296,0.0,60.02045440673828,144.66073608398438,168.4944610595703,-0.18147146701812744,-0.04849740490317345,-0.15818838775157928,0.9693773984909058,1
19144,53.40849304199219,190.13352966308594,-38.22305679321289,60.08000564575195,177.57717895507812,115.06192779541016,-151.38149679874186,32.397125175572,75.90837300225394,-14.609508514404297,5.904118537902832,-28.334083557128906,0.7642259001731873,2.1999053955078125,0.0,59.28694152832031,144.83175659179688,167.961181640625,-0.17982806265354156,-0.044650934636592865,-0.1589386910200119,0.9697456359863281,1
19145,52.723236083984375,190.2721405029297,-37.99281311035156,59.649078369140625,177.59742736816406,114.86146545410156,-81.79676708835177,16.545499392785132,27.48339681996731,-18.933757781982422,2.6603469848632812,-23.16339111328125,0.7653278708457947,2.2015583515167236,0.0,58.87861633300781,144.8872833251953,167.77003479003906,-0.17919476330280304,-0.04296382889151573,-0.1591966301202774,0.9698967933654785,1
19147,51.424625396728516,190.57106018066406,-37.77451705932617,58.6164665222168,177.6229705810547,114.6680908203125,-155.07444846231374,35.695689719868824,26.067966363189043,-31.589954376220703,1.3989773988723755,-4.646786212921143,0.7668006420135498,2.197593927383423,0.0,57.986175537109375,144.97378540039062,167.6020965576172,-0.17520228028297424,-0.04210871085524559,-0.15786324441432953,0.9708811640739441,1
19149,50.15756607055664,190.93687438964844,-37.828678131103516,57.53898620605469,177.57179260253906,114.71755981445312,-151.24250476108864,43.665403901133686,-6.4649349773535505,-28.832260131835938,-1.8664675951004028,8.417312622070312,0.7687578797340393,2.1875905990600586,0.0,57.11112976074219,144.97085571289062,167.66944885253906,-0.1686030775308609,-0.04120311141014099,-0.15669111907482147,0.9722773432731628,1
19151,48.9583740234375,191.9701690673828,-38.30257797241211,56.59044647216797,177.58384704589844,115.21329498291016,-143.18331267722533,123.3751968962606,-56.58355500170728,-24.242294311523438,4.858401775360107,33.55927276611328,0.7693068385124207,2.1771514415740967,0.0,56.285911560058594,144.93934631347656,168.12417602539062,-0.15637096762657166,-0.0386652946472168,-0.15478014945983887,0.9747288227081299,1
19153,47.88385009765625,193.18931579589844,-38.8337516784668,55.69640350341797,177.84117126464844,115.81986999511719,-128.25032324064523,145.51184785971418,-63.398494778899476,-21.95391082763672,15.917169570922852,39.94108963012695,0.767907440662384,2.174725294113159,0.0,55.544212341308594,145.10057067871094,168.66622924804688,-0.1433737426996231,-0.037995755672454834,-0.1520899385213852,0.9771739840507507,1
19155,46.876102447509766,194.67237854003906,-39.74545669555664,54.87775421142578,178.17579650878906,116.71379089355469,-120.25469039581367,176.97411758615635,-108.7939074296155,-14.790782928466797,23.202524185180664,65.2808609008789,0.7653272747993469,2.1766974925994873,0.0,54.86640930175781,145.15811157226562,169.4050750732422,-0.13039308786392212,-0.036710113286972046,-0.14970076084136963,0.9794078469276428,1
19157,45.96863555908203,197.1107635498047,-41.44095993041992,54.173370361328125,178.29986572265625,118.26485443115234,-108.36863487071241,291.18908708100207,-202.4750140463584,-6.948814392089844,10.747476577758789,98.95556640625,0.764040470123291,2.1710007190704346,0.0,54.22943878173828,145.0114288330078,170.79345703125,-0.10953231900930405,-0.03334534168243408,-0.1481349617242813,0.9823170304298401,1
19158,45.648597717285156,198.14862060546875,-42.370399475097656,53.910762786865234,178.62754821777344,119.04484558105469,-38.21296562906355,123.92158306436613,-110.97638071689289,0.8781948089599609,39.338191986083984,93.64624786376953,0.762192964553833,2.1741061210632324,0.0,54.00299072265625,145.09458923339844,171.43333435058594,-0.10494539886713028,-0.03330099582672119,-0.14867274463176727,0.9827379584312439,1
19160,44.79246520996094,202.34458923339844,-44.60456848144531,53.580718994140625,179.4981689453125,121.05709075927734,-102.27226912305923,501.2439418855356,-266.8903842907748,13.209867477416992,49.88345718383789,129.0967559814453,0.7614268660545349,2.1592977046966553,0.0,53.71224594116211,145.27120971679688,173.03065490722656,-0.07471871376037598,-0.026074260473251343,-0.14600682258605957,0.9861131906509399,1
19162,43.62165069580078,206.73336791992188,-46.93981170654297,53.29359436035156,180.2686309814453,123.13343811035156,-139.78947538125794,523.9985178981442,-278.81651736970525,13.93423080444336,47.414737701416016,117.78363800048828,0.7595362067222595,2.156388759613037,0.0,53.362117767333984,145.13893127441406,174.5328369140625,-0.04454999789595604,-0.015874654054641724,-0.14485761523246765,0.9883216023445129,1
19164,42.08235168457031,211.53533935546875,-50.05813217163086,52.75743103027344,180.62831115722656,125.66558837890625,-183.91401827096706,573.7350936306175,-372.5740371472493,-3.4898338317871094,3.761160135269165,149.34371948242188,0.7600308060646057,2.180426597595215,0.0,52.72625732421875,144.59158325195312,176.43154907226562,-0.0037328065373003483,-0.006475239992141724,-0.13668251037597656,0.9905866980552673,1
19166,40.395694732666016,216.68556213378906,-53.84478759765625,52.039329528808594,180.49490356445312,128.1645965576172,-201.03713720708038,613.8687788072275,-451.341552043712,-17.28524398803711,-25.082395553588867,158.7027587890625,0.7562116384506226,2.248047351837158,0.0,51.924468994140625,143.48797607421875,178.1968231201172,0.04346398264169693,0.0036774275358766317,-0.1318165808916092,0.9903139472007751,1
19168,39.022850036621094,222.39041137695312,-58.20085906982422,51.193756103515625,180.31724548339844,130.61831665039062,-163.60051734937588,679.8411286219489,-519.1086424492532,-13.236618041992188,-7.881114959716797,156.33042907714844,0.7526004314422607,2.327986001968384,0.0,50.93213653564453,142.2626190185547,179.8685760498047,0.09303341805934906,0.013783127069473267,-0.1277693808078766,0.987334668636322,1
19170,37.7232780456543,226.422607421875,-62.67169189453125,50.244842529296875,179.97390747070312,133.10877990722656,-154.92613021633588,480.69097661040723,-532.9822689243592,-20.91504669189453,-15.020112037658691,155.76620483398438,0.7488167881965637,2.3971590995788574,0.0,49.77571105957031,140.77598571777344,181.49244689941406,0.13171908259391785,0.02125987410545349,-0.1221788227558136,0.9834990501403809,1
19171,36.40861129760742,228.9341278076172,-68.12846374511719,49.65172576904297,179.26283264160156,134.38330078125,-86.89540140749887,158.19502011872828,-296.6581784868613,-38.85221481323242,-84.92081451416016,153.29498291015625,0.748492956161499,2.417362689971924,0.0,49.12571716308594,139.73167419433594,182.4656982421875,0.15001128613948822,0.024777023121714592,-0.12077467143535614,0.9809669852256775,1
19173,35.42399215698242,229.15306091308594,-70.52179718017578,48.639434814453125,178.2987823486328,137.21017456054688,-187.04699396184878,167.15702064335346,-638.6220451060217,-30.20868682861328,-61.91984176635742,162.3746795654297,0.7502626776695251,2.4353830814361572,0.0,47.97184753417969,137.979248046875,184.61537170410156,0.16326886415481567,0.03592568635940552,-0.12056534737348557,0.9785277843475342,1
19175,33.57808303833008,231.30593872070312,-75.40065002441406,47.25827407836914,177.525634765625,139.52235412597656,-220.39536907256115,257.04640287184156,-582.5186962842708,-49.684024810791016,-44.24269104003906,126.52290344238281,0.7521316409111023,2.3747167587280273,0.0,46.48589324951172,136.5243682861328,186.2935028076172,0.18685129284858704,0.0404789112508297,-0.11510712653398514,0.9747812151908875,1
19177,30.783153533935547,233.68923950195312,-80.44881439208984,46.039306640625,176.19793701171875,142.6493682861328,-333.97548157861456,284.7885876595974,-603.2220573476516,-41.54520034790039,-80.12566375732422,203.70974731445312,0.7401688098907471,2.1567611694335938,0.0,45.007904052734375,134.12098693847656,188.43882751464844,0.20440812408924103,0.04903578758239746,-0.1025473102927208,0.972263753414154,1
19179,27.870098114013672,234.48240661621094,-86.57769012451172,45.1490592956543,174.1968536376953,146.20013427734375,-348.0584054568317,94.76938858127687,-732.2918404096272,-30.605831146240234,-128.1473388671875,208.50331115722656,0.7219383716583252,1.919739007949829,0.0,44.05224609375,131.0594482421875,190.931396484375,0.22299183905124664,0.0664103627204895,-0.09600161761045456,0.9678057432174683,1
19181,25.918867111206055,234.43690490722656,-92.61609649658203,44.189937591552734,172.00271606445312,148.5691680908203,-233.00135425871122,-5.433472407516092,-721.0611456215847,-15.111587524414062,-136.0977020263672,106.08786010742188,0.7162910103797913,1.7979122400283813,0.0,43.12139892578125,127.90362548828125,192.36001586914062,0.23713912069797516,0.08161529898643494,-0.09525816887617111,0.96334308385849,1
19182,24.95792007446289,234.12725830078125,-95.31243133544922,43.89242935180664,171.05307006835938,149.6033477783203,-114.82830281194765,-37.00120082590729,-322.1983538335189,-3.496856689453125,-113.6755599975586,124.69873046875,0.7158747315406799,1.7638754844665527,0.0,42.750362396240234,126.41719055175781,192.83290100097656,0.23728244006633759,0.09266957640647888,-0.09434223920106888,0.9623975157737732,1
19184,23.555734634399414,233.6929168701172,-99.59740447998047,42.75620651245117,168.85409545898438,150.90919494628906,-167.420686935322,-51.86028795375023,-511.6250153933652,-37.61464309692383,-146.5104217529297,87.00914001464844,0.7126777768135071,1.6689589023590088,0.0,41.53507995605469,123.77278900146484,193.6324005126953,0.2532428503036499,0.10018949955701828,-0.09121710062026978,0.9578672051429749,1
19186,21.99289894104004,231.9943389892578,-104.0087890625,41.26569366455078,166.19418334960938,152.7525177001953,-186.5008529543411,-202.69963434780948,-526.4321712419041,-60.82709884643555,-174.5482940673828,138.10400390625,0.7085063457489014,1.538740634918213,0.0,39.977230072021484,120.218505859375,194.55224609375,0.26434072852134705,0.10347069799900055,-0.0916084349155426,0.9544766545295715,1
19188,20.273479461669922,229.60487365722656,-107.52023315429688,39.92880630493164,163.0327606201172,154.6876220703125,-205.211256126815,-285.18066018261015,-419.0878732865676,-42.678714752197266,-193.4690399169922,116.85932922363281,0.7075893878936768,1.375514268875122,0.0,38.444522857666016,116.19271850585938,195.5598602294922,0.2722441852092743,0.10881868004798889,-0.08935945481061935,0.9518700242042542,1
19190,18.971942901611328,227.5891571044922,-110.79242706298828,38.913185119628906,160.0541534423828,156.30862426757812,-155.4527197391144,-240.7528378085699,-390.8237833879539,-24.9813232421875,-166.5809783935547,94.19977569580078,0.7030478715896606,1.2877477407455444,0.0,37.3603401184082,112.59284210205078,196.45079040527344,0.2822016775608063,0.11247235536575317,-0.08941695094108582,0.9485340118408203,1
19192,17.811019897460938,225.6642608642578,-112.94868469238281,37.96445083618164,157.5436553955078,157.5646209716797,-138.59928418672644,-229.80786846019328,-257.4294444057159,-30.93381118774414,-153.58848571777344,63.67314147949219,0.7007074356079102,1.222266435623169,0.0,36.424171447753906,109.63981628417969,197.1918487548828,0.29112905263900757,0.11501938104629517,-0.08980182558298111,0.9454892873764038,1
19194,17.2022705078125,224.02113342285156,-114.40332794189453,37.0685920715332,155.00753784179688,158.20632934570312,-72.72798233840149,-196.30630530463532,-173.78788440389326,-18.368629455566406,-147.0783233642578,30.754249572753906,0.69915771484375,1.1668224334716797,0.0,35.49687194824219,106.8967056274414,197.60545349121094,0.30377447605133057,0.11498957127332687,-0.09302537888288498,0.9411932826042175,1
19195,17.088268280029297,223.39324951171875,-115.32942199707031,36.735260009765625,153.73269653320312,158.4385528564453,-13.614915577782085,-74.9861349988496,-110.60040337353712,-7.4947052001953125,-151.5440673828125,28.275712966918945,0.6994599103927612,1.144948959350586,0.0,35.118202209472656,105.53070831298828,197.73529052734375,0.31185218691825867,0.11683040857315063,-0.09431587159633636,0.9381915330886841,1
19197,16.890117645263672,221.76498413085938,-116.89728546142578,36.33185577392578,150.8603973388672,158.57662963867188,-23.649423086782917,-194.33466329821385,-187.12565041595371,9.292093276977539,-175.14869689941406,7.180267333984375,0.6998164057731628,1.0654816627502441,0.0,34.47348403930664,102.65312957763672,197.82920837402344,0.3286500573158264,0.12400852888822556,-0.0976186990737915,0.9311721920967102,1
19199,16.941753387451172,219.97914123535156,-117.68953704833984,36.09642028808594,148.6281280517578,158.9262237548828,6.165134752169251,-213.22366311750375,-94.59218719485216,18.273571014404297,-124.79737854003906,24.140705108642578,0.7038261890411377,0.9876683950424194,0.0,33.88916778564453,100.32496643066406,198.01841735839844,0.3312285244464874,0.12894053757190704,-0.10365333408117294,0.9289337992668152,1
19201,16.988414764404297,219.005615234375,-118.62311553955078,35.97206497192383,146.7660675048828,159.273193359375,5.570177665911615,-116.21416130242869,-111.44544804887846,25.62685775756836,-98.44645690917969,27.813796997070312,0.7084985375404358,0.8964315056800842,0.0,33.516685485839844,98.40476989746094,198.28736877441406,0.3428438901901245,0.13231031596660614,-0.10922740399837494,0.9235915541648865,1
